buff_id,buff_name,max_stacks,max_duration,stack_increment,independent_stacks,allows_refresh,tags
Buff-角色-艾莲-核心被动,Buff-角色-艾莲-核心被动,1,0.0,1,False,True,艾莲
Buff-角色-艾莲-额外能力,Buff-角色-艾莲-额外能力,10,600.0,1,False,True,"AdditionalAbility,艾莲"
Buff-武器-精1深海访客-冰伤,Buff-武器-精1深海访客-冰伤,1,0.0,1,False,True,"Weapon,深海访客"
Buff-武器-精1深海访客-暴击率-1,Buff-武器-精1深海访客-暴击率-1,1,480.0,1,False,True,"Weapon,深海访客"
Buff-武器-精1深海访客-暴击率-2,Buff-武器-精1深海访客-暴击率-2,1,900.0,1,False,True,"Weapon,深海访客"
Buff-武器-精2深海访客-冰伤,Buff-武器-精2深海访客-冰伤,1,0.0,1,False,True,"Weapon,深海访客"
Buff-武器-精2深海访客-暴击率-1,Buff-武器-精2深海访客-暴击率-1,1,480.0,1,False,True,"Weapon,深海访客"
Buff-武器-精2深海访客-暴击率-2,Buff-武器-精2深海访客-暴击率-2,1,900.0,1,False,True,"Weapon,深海访客"
Buff-武器-精3深海访客-冰伤,Buff-武器-精3深海访客-冰伤,1,0.0,1,False,True,"Weapon,深海访客"
Buff-武器-精3深海访客-暴击率-1,Buff-武器-精3深海访客-暴击率-1,1,480.0,1,False,True,"Weapon,深海访客"
Buff-武器-精3深海访客-暴击率-2,Buff-武器-精3深海访客-暴击率-2,1,900.0,1,False,True,"Weapon,深海访客"
Buff-武器-精4深海访客-冰伤,Buff-武器-精4深海访客-冰伤,1,0.0,1,False,True,"Weapon,深海访客"
Buff-武器-精4深海访客-暴击率-1,Buff-武器-精4深海访客-暴击率-1,1,480.0,1,False,True,"Weapon,深海访客"
Buff-武器-精4深海访客-暴击率-2,Buff-武器-精4深海访客-暴击率-2,1,900.0,1,False,True,"Weapon,深海访客"
Buff-武器-精5深海访客-冰伤,Buff-武器-精5深海访客-冰伤,1,0.0,1,False,True,"Weapon,深海访客"
Buff-武器-精5深海访客-暴击率-1,Buff-武器-精5深海访客-暴击率-1,1,480.0,1,False,True,"Weapon,深海访客"
Buff-武器-精5深海访客-暴击率-2,Buff-武器-精5深海访客-暴击率-2,1,900.0,1,False,True,"Weapon,深海访客"
Buff-驱动盘-极地重金属-冲刺攻击增伤,Buff-驱动盘-极地重金属-冲刺攻击增伤,1,0.0,1,False,True,极地重金属
Buff-驱动盘-极地重金属-普攻增伤,Buff-驱动盘-极地重金属-普攻增伤,1,0.0,1,False,True,极地重金属
Buff-驱动盘-极地重金属-冲刺与普攻增伤-有条件,Buff-驱动盘-极地重金属-冲刺与普攻增伤-有条件,1,720.0,1,False,True,极地重金属
Buff-驱动盘-震星迪斯科,Buff-驱动盘-震星迪斯科,1,0.0,1,False,True,震星迪斯科
Buff-驱动盘-啄木鸟电音-普攻,Buff-驱动盘-啄木鸟电音-普攻,1,360.0,1,False,True,啄木鸟电音
Buff-驱动盘-啄木鸟电音-闪避反击,Buff-驱动盘-啄木鸟电音-闪避反击,1,360.0,1,False,True,啄木鸟电音
Buff-驱动盘-啄木鸟电音-强化特殊技,Buff-驱动盘-啄木鸟电音-强化特殊技,1,360.0,1,False,True,啄木鸟电音
Buff-角色-莱特-核心被动-冲击力提升,Buff-角色-莱特-核心被动-冲击力提升,100,360.0,1,False,True,莱特
1161_NA_5_SH_EX|1161_NA_5_CoH_EX,Buff-角色-莱特-核心被动-冰火双抗,1,1800.0,1,False,True,"Debuff,莱特"
1161_NA_5_EndH_EX|1161_NA_5_EnEndH_EX,Buff-角色-莱特-核心被动-失衡时间延长,1,999999.0,1,False,True,"Debuff,莱特"
1161_SNA_5|1161_NA_5_SH|1161_NA_5_CoH|1161_NA_5_EndH|1161_NA_5_EnEndH_EX|1161_NA_5_SH_EX|1161_NA_5_CoH_EX|1161_NA_5_EndH_EX,Buff-角色-莱特-额外能力-冰火增伤,300,1800.0,5,False,True,"AdditionalAbility,莱特"
1141_SNA_1|1141_SNA_2|1141_SNA_3|1141_SNA_4|1141_SNA_5_FC|1141_SNA_5_NFC,Buff-角色-莱卡恩-核心被动-失衡值提升,1,0.0,1,False,True,莱卡恩
Buff-角色-莱卡恩-核心被动-减冰抗,Buff-角色-莱卡恩-核心被动-减冰抗,1,1800.0,1,False,True,"Debuff,莱卡恩"
Buff-角色-莱卡恩-额外能力-失衡易伤倍率,Buff-角色-莱卡恩-额外能力-失衡易伤倍率,1,999999.0,1,False,True,"Debuff,AdditionalAbility,莱卡恩"
Buff-异常-霜寒,Buff-异常-霜寒,1,600.0,1,False,True,"Debuff,enemy"
Buff-异常-畏缩,Buff-异常-畏缩,1,600.0,1,False,True,"Debuff,enemy"
1131_E_EX_A,Buff-角色-苍角-核心被动-1,500,1800.0,1,False,True,苍角
Buff-角色-苍角-核心被动-2,Buff-角色-苍角-核心被动-2,500,1800.0,1,False,True,苍角
Buff-武器-精1含羞恶面-冰伤,Buff-武器-精1含羞恶面-冰伤,1,0.0,0,False,True,"Weapon,含羞恶面"
Buff-武器-精2含羞恶面-冰伤,Buff-武器-精2含羞恶面-冰伤,1,0.0,0,False,True,"Weapon,含羞恶面"
Buff-武器-精3含羞恶面-冰伤,Buff-武器-精3含羞恶面-冰伤,1,0.0,0,False,True,"Weapon,含羞恶面"
Buff-武器-精4含羞恶面-冰伤,Buff-武器-精4含羞恶面-冰伤,1,0.0,0,False,True,"Weapon,含羞恶面"
Buff-武器-精5含羞恶面-冰伤,Buff-武器-精5含羞恶面-冰伤,1,0.0,0,False,True,"Weapon,含羞恶面"
Buff-武器-精1含羞恶面-叠层攻击力,Buff-武器-精1含羞恶面-叠层攻击力,4,720.0,1,False,True,"Weapon,含羞恶面"
Buff-武器-精2含羞恶面-叠层攻击力,Buff-武器-精2含羞恶面-叠层攻击力,4,720.0,1,False,True,"Weapon,含羞恶面"
Buff-武器-精3含羞恶面-叠层攻击力,Buff-武器-精3含羞恶面-叠层攻击力,4,720.0,1,False,True,"Weapon,含羞恶面"
Buff-武器-精4含羞恶面-叠层攻击力,Buff-武器-精4含羞恶面-叠层攻击力,4,720.0,1,False,True,"Weapon,含羞恶面"
Buff-武器-精5含羞恶面-叠层攻击力,Buff-武器-精5含羞恶面-叠层攻击力,4,720.0,1,False,True,"Weapon,含羞恶面"
Buff-武器-精1燃狱齿轮-后台能量自动回复,Buff-武器-精1燃狱齿轮-后台能量自动回复,1,0.0,1,False,True,"Weapon,燃狱齿轮"
Buff-武器-精2燃狱齿轮-后台能量自动回复,Buff-武器-精2燃狱齿轮-后台能量自动回复,1,0.0,1,False,True,"Weapon,燃狱齿轮"
Buff-武器-精3燃狱齿轮-后台能量自动回复,Buff-武器-精3燃狱齿轮-后台能量自动回复,1,0.0,1,False,True,"Weapon,燃狱齿轮"
Buff-武器-精4燃狱齿轮-后台能量自动回复,Buff-武器-精4燃狱齿轮-后台能量自动回复,1,0.0,1,False,True,"Weapon,燃狱齿轮"
Buff-武器-精5燃狱齿轮-后台能量自动回复,Buff-武器-精5燃狱齿轮-后台能量自动回复,1,0.0,1,False,True,"Weapon,燃狱齿轮"
Buff-武器-精1燃狱齿轮-叠层冲击力,Buff-武器-精1燃狱齿轮-叠层冲击力,2,600.0,1,True,True,"Weapon,燃狱齿轮"
Buff-武器-精2燃狱齿轮-叠层冲击力,Buff-武器-精2燃狱齿轮-叠层冲击力,2,600.0,1,True,True,"Weapon,燃狱齿轮"
Buff-武器-精3燃狱齿轮-叠层冲击力,Buff-武器-精3燃狱齿轮-叠层冲击力,2,600.0,1,True,True,"Weapon,燃狱齿轮"
Buff-武器-精4燃狱齿轮-叠层冲击力,Buff-武器-精4燃狱齿轮-叠层冲击力,2,600.0,1,True,True,"Weapon,燃狱齿轮"
Buff-武器-精5燃狱齿轮-叠层冲击力,Buff-武器-精5燃狱齿轮-叠层冲击力,2,600.0,1,True,True,"Weapon,燃狱齿轮"
Buff-武器-精1拘缚者,Buff-武器-精1拘缚者,5,480.0,1,True,True,"Weapon,拘缚者"
Buff-武器-精2拘缚者,Buff-武器-精2拘缚者,5,480.0,1,True,True,"Weapon,拘缚者"
Buff-武器-精3拘缚者,Buff-武器-精3拘缚者,5,480.0,1,True,True,"Weapon,拘缚者"
Buff-武器-精4拘缚者,Buff-武器-精4拘缚者,5,480.0,1,True,True,"Weapon,拘缚者"
Buff-武器-精5拘缚者,Buff-武器-精5拘缚者,5,480.0,1,True,True,"Weapon,拘缚者"
Buff-武器-精1焰心桂冠-冲击力提升,Buff-武器-精1焰心桂冠-冲击力提升,1,480.0,1,False,True,"Weapon,焰心桂冠"
Buff-武器-精2焰心桂冠-冲击力提升,Buff-武器-精2焰心桂冠-冲击力提升,1,480.0,1,False,True,"Weapon,焰心桂冠"
Buff-武器-精3焰心桂冠-冲击力提升,Buff-武器-精3焰心桂冠-冲击力提升,1,480.0,1,False,True,"Weapon,焰心桂冠"
Buff-武器-精4焰心桂冠-冲击力提升,Buff-武器-精4焰心桂冠-冲击力提升,1,480.0,1,False,True,"Weapon,焰心桂冠"
Buff-武器-精5焰心桂冠-冲击力提升,Buff-武器-精5焰心桂冠-冲击力提升,1,480.0,1,False,True,"Weapon,焰心桂冠"
Buff-武器-精1焰心桂冠-受暴伤提升,Buff-武器-精1焰心桂冠-受暴伤提升,20,1800.0,1,False,True,"Weapon,Debuff,焰心桂冠"
Buff-武器-精2焰心桂冠-受暴伤提升,Buff-武器-精2焰心桂冠-受暴伤提升,20,1800.0,1,False,True,"Weapon,Debuff,焰心桂冠"
Buff-武器-精3焰心桂冠-受暴伤提升,Buff-武器-精3焰心桂冠-受暴伤提升,20,1800.0,1,False,True,"Weapon,Debuff,焰心桂冠"
Buff-武器-精4焰心桂冠-受暴伤提升,Buff-武器-精4焰心桂冠-受暴伤提升,20,1800.0,1,False,True,"Weapon,Debuff,焰心桂冠"
Buff-武器-精5焰心桂冠-受暴伤提升,Buff-武器-精5焰心桂冠-受暴伤提升,20,1800.0,1,False,True,"Weapon,Debuff,焰心桂冠"
Buff-武器-精1玉壶青冰-普攻加冲击,Buff-武器-精1玉壶青冰-普攻加冲击,30,480.0,1,False,True,"Weapon,玉壶青冰"
Buff-武器-精2玉壶青冰-普攻加冲击,Buff-武器-精2玉壶青冰-普攻加冲击,30,480.0,1,False,True,"Weapon,玉壶青冰"
Buff-武器-精3玉壶青冰-普攻加冲击,Buff-武器-精3玉壶青冰-普攻加冲击,30,480.0,1,False,True,"Weapon,玉壶青冰"
Buff-武器-精4玉壶青冰-普攻加冲击,Buff-武器-精4玉壶青冰-普攻加冲击,30,480.0,1,False,True,"Weapon,玉壶青冰"
Buff-武器-精5玉壶青冰-普攻加冲击,Buff-武器-精5玉壶青冰-普攻加冲击,30,480.0,1,False,True,"Weapon,玉壶青冰"
Buff-武器-精1玉壶青冰-15层后增伤,Buff-武器-精1玉壶青冰-15层后增伤,1,600.0,1,False,True,"Weapon,玉壶青冰"
Buff-武器-精2玉壶青冰-15层后增伤,Buff-武器-精2玉壶青冰-15层后增伤,1,600.0,1,False,True,"Weapon,玉壶青冰"
Buff-武器-精3玉壶青冰-15层后增伤,Buff-武器-精3玉壶青冰-15层后增伤,1,600.0,1,False,True,"Weapon,玉壶青冰"
Buff-武器-精4玉壶青冰-15层后增伤,Buff-武器-精4玉壶青冰-15层后增伤,1,600.0,1,False,True,"Weapon,玉壶青冰"
Buff-武器-精5玉壶青冰-15层后增伤,Buff-武器-精5玉壶青冰-15层后增伤,1,600.0,1,False,True,"Weapon,玉壶青冰"
Buff-武器-精1贵重骨核-75%以上,Buff-武器-精1贵重骨核-75%以上,1,0.0,1,False,True,"Weapon,贵重骨核"
Buff-武器-精2贵重骨核-75%以上,Buff-武器-精2贵重骨核-75%以上,1,0.0,1,False,True,"Weapon,贵重骨核"
Buff-武器-精3贵重骨核-75%以上,Buff-武器-精3贵重骨核-75%以上,1,0.0,1,False,True,"Weapon,贵重骨核"
Buff-武器-精4贵重骨核-75%以上,Buff-武器-精4贵重骨核-75%以上,1,0.0,1,False,True,"Weapon,贵重骨核"
Buff-武器-精5贵重骨核-75%以上,Buff-武器-精5贵重骨核-75%以上,1,0.0,1,False,True,"Weapon,贵重骨核"
Buff-武器-精1贵重骨核-50%以上,Buff-武器-精1贵重骨核-50%以上,1,0.0,1,False,True,"Weapon,贵重骨核"
Buff-武器-精2贵重骨核-50%以上,Buff-武器-精2贵重骨核-50%以上,1,0.0,1,False,True,"Weapon,贵重骨核"
Buff-武器-精3贵重骨核-50%以上,Buff-武器-精3贵重骨核-50%以上,1,0.0,1,False,True,"Weapon,贵重骨核"
Buff-武器-精4贵重骨核-50%以上,Buff-武器-精4贵重骨核-50%以上,1,0.0,1,False,True,"Weapon,贵重骨核"
Buff-武器-精5贵重骨核-50%以上,Buff-武器-精5贵重骨核-50%以上,1,0.0,1,False,True,"Weapon,贵重骨核"
Buff-武器-精1人为刀俎,Buff-武器-精1人为刀俎,8,480.0,1,False,True,"Weapon,人为刀俎"
Buff-武器-精2人为刀俎,Buff-武器-精2人为刀俎,8,480.0,1,False,True,"Weapon,人为刀俎"
Buff-武器-精3人为刀俎,Buff-武器-精3人为刀俎,8,480.0,1,False,True,"Weapon,人为刀俎"
Buff-武器-精4人为刀俎,Buff-武器-精4人为刀俎,8,480.0,1,False,True,"Weapon,人为刀俎"
Buff-武器-精5人为刀俎,Buff-武器-精5人为刀俎,8,480.0,1,False,True,"Weapon,人为刀俎"
Buff-武器-精1德玛拉电池II型-电伤,Buff-武器-精1德玛拉电池II型-电伤,1,0.0,1,False,True,"Weapon,德玛拉电池Ⅱ型"
Buff-武器-精2德玛拉电池II型-电伤,Buff-武器-精2德玛拉电池II型-电伤,1,0.0,1,False,True,"Weapon,德玛拉电池Ⅱ型"
Buff-武器-精3德玛拉电池II型-电伤,Buff-武器-精3德玛拉电池II型-电伤,1,0.0,1,False,True,"Weapon,德玛拉电池Ⅱ型"
Buff-武器-精4德玛拉电池II型-电伤,Buff-武器-精4德玛拉电池II型-电伤,1,0.0,1,False,True,"Weapon,德玛拉电池Ⅱ型"
Buff-武器-精5德玛拉电池II型-电伤,Buff-武器-精5德玛拉电池II型-电伤,1,0.0,1,False,True,"Weapon,德玛拉电池Ⅱ型"
Buff-武器-精1德玛拉电池II型-能量获得效率,Buff-武器-精1德玛拉电池II型-能量获得效率,1,480.0,1,False,True,"Weapon,德玛拉电池Ⅱ型"
Buff-武器-精2德玛拉电池II型-能量获得效率,Buff-武器-精2德玛拉电池II型-能量获得效率,1,480.0,1,False,True,"Weapon,德玛拉电池Ⅱ型"
Buff-武器-精3德玛拉电池II型-能量获得效率,Buff-武器-精3德玛拉电池II型-能量获得效率,1,480.0,1,False,True,"Weapon,德玛拉电池Ⅱ型"
Buff-武器-精4德玛拉电池II型-能量获得效率,Buff-武器-精4德玛拉电池II型-能量获得效率,1,480.0,1,False,True,"Weapon,德玛拉电池Ⅱ型"
Buff-武器-精5德玛拉电池II型-能量获得效率,Buff-武器-精5德玛拉电池II型-能量获得效率,1,480.0,1,False,True,"Weapon,德玛拉电池Ⅱ型"
Buff-武器-精1硫磺石,Buff-武器-精1硫磺石,8,480.0,1,True,True,"Weapon,硫磺石"
Buff-武器-精2硫磺石,Buff-武器-精2硫磺石,8,480.0,1,True,True,"Weapon,硫磺石"
Buff-武器-精3硫磺石,Buff-武器-精3硫磺石,8,480.0,1,True,True,"Weapon,硫磺石"
Buff-武器-精4硫磺石,Buff-武器-精4硫磺石,8,480.0,1,True,True,"Weapon,硫磺石"
Buff-武器-精5硫磺石,Buff-武器-精5硫磺石,8,480.0,1,True,True,"Weapon,硫磺石"
Buff-角色-苍角-额外能力,Buff-角色-苍角-额外能力,1,1320.0,1,False,True,"AdditionalAbility,苍角"
1251_SNA_1|1251_SNA_2,Buff-角色-青衣-核心被动-失衡易伤,20,9999999.0,1,False,True,"Debuff,青衣"
Buff-角色-青衣-额外能力-失衡效率,Buff-角色-青衣-额外能力-失衡效率,1,0.0,1,False,True,"AdditionalAbility,青衣"
Buff-角色-青衣-额外能力-冲击转攻击,Buff-角色-青衣-额外能力-冲击转攻击,600,9999999.0,1,False,True,"AdditionalAbility,青衣"
Buff-角色-11号-核心被动,Buff-角色-11号-核心被动,1,0.0,1,False,True,11号
Buff-角色-11号-组队被动-常驻,Buff-角色-11号-组队被动-常驻,1,0.0,1,False,True,"AdditionalAbility,11号"
Buff-角色-11号-组队被动-失衡,Buff-角色-11号-组队被动-失衡,1,9999999.0,1,False,True,"AdditionalAbility,11号"
Buff-角色-雅-终结技-冰伤,Buff-角色-雅-终结技-冰伤,1,720.0,1,False,True,雅
Buff-角色-雅-核心被动-冰焰,Buff-角色-雅-核心被动-冰焰,80,1800.0,1,False,True,"Debuff,雅"
Buff-角色-雅-核心被动-霜灼,Buff-角色-雅-核心被动-霜灼,1,9999999.0,1,False,True,"Debuff,雅"
1091_SNA_1|1091_SNA_2|1091_SNA_3,Buff-角色-雅-组队被动-普攻增伤,1,0.0,1,False,True,"AdditionalAbility,雅"
Buff-角色-雅-组队被动-无视冰抗,Buff-角色-雅-组队被动-无视冰抗,1,0.0,1,False,True,"AdditionalAbility,雅"
Buff-角色-露西-特殊技-攻击力,Buff-角色-露西-特殊技-攻击力,600,600.0,1,False,True,露西
Buff-角色-露西-长按特殊技-攻击力,Buff-角色-露西-长按特殊技-攻击力,600,900.0,1,False,True,露西
Buff-角色-露西-连携技-攻击力,Buff-角色-露西-连携技-攻击力,600,600.0,1,False,True,"Cinema,露西"
Buff-角色-露西-终结技-攻击力,Buff-角色-露西-终结技-攻击力,600,600.0,1,False,True,"Cinema,露西"
Buff-角色-派派-组队被动-积蓄效率,Buff-角色-派派-组队被动-积蓄效率,1,-1.0,1,False,False,
Buff-角色-派派-组队被动-全队增伤,Buff-角色-派派-组队被动-全队增伤,1,-1.0,1,False,False,
Buff-角色-柏妮思-组队被动-延长灼烧,Buff-角色-柏妮思-组队被动-延长灼烧,1,0.0,1,False,True,"Debuff,AdditionalAbility,柏妮思"
Buff-角色-丽娜-核心被动-穿透率,Buff-角色-丽娜-核心被动-穿透率,30,300.0,1,False,True,丽娜
Buff-角色-丽娜-组队被动-增伤,Buff-角色-丽娜-组队被动-增伤,1,9999999.0,1,False,True,"AdditionalAbility,丽娜"
Buff-角色-丽娜-组队被动-延长感电,Buff-角色-丽娜-组队被动-延长感电,1,0.0,1,False,True,"Debuff,AdditionalAbility,丽娜"
Buff-音擎-精1霰落星殿-暴伤,Buff-音擎-精1霰落星殿-暴伤,1,0.0,1,False,True,"Weapon,霰落星殿"
Buff-音擎-精2霰落星殿-暴伤,Buff-音擎-精2霰落星殿-暴伤,1,0.0,1,False,True,"Weapon,霰落星殿"
Buff-音擎-精3霰落星殿-暴伤,Buff-音擎-精3霰落星殿-暴伤,1,0.0,1,False,True,"Weapon,霰落星殿"
Buff-音擎-精4霰落星殿-暴伤,Buff-音擎-精4霰落星殿-暴伤,1,0.0,1,False,True,"Weapon,霰落星殿"
Buff-音擎-精5霰落星殿-暴伤,Buff-音擎-精5霰落星殿-暴伤,1,0.0,1,False,True,"Weapon,霰落星殿"
Buff-音擎-精1霰落星殿-叠层冰伤,Buff-音擎-精1霰落星殿-叠层冰伤,2,900.0,1,True,True,"Weapon,霰落星殿"
Buff-音擎-精2霰落星殿-叠层冰伤,Buff-音擎-精2霰落星殿-叠层冰伤,2,900.0,1,True,True,"Weapon,霰落星殿"
Buff-音擎-精3霰落星殿-叠层冰伤,Buff-音擎-精3霰落星殿-叠层冰伤,2,900.0,1,True,True,"Weapon,霰落星殿"
Buff-音擎-精4霰落星殿-叠层冰伤,Buff-音擎-精4霰落星殿-叠层冰伤,2,900.0,1,True,True,"Weapon,霰落星殿"
Buff-音擎-精5霰落星殿-叠层冰伤,Buff-音擎-精5霰落星殿-叠层冰伤,2,900.0,1,True,True,"Weapon,霰落星殿"
Buff-驱动盘-折枝剑歌-暴伤,Buff-驱动盘-折枝剑歌-暴伤,1,0.0,1,False,True,折枝剑歌
Buff-驱动盘-折枝剑歌-暴击率,Buff-驱动盘-折枝剑歌-暴击率,1,900.0,1,False,True,折枝剑歌
Buff-异常-烈霜霜寒,Buff-异常-烈霜霜寒,1,1200.0,1,False,True,"Debuff,enemy"
Buff-角色-青衣-核心被动-额外电压补偿,Buff-角色-青衣-核心被动-额外电压补偿,25,0.0,1,False,True,青衣
Buff-驱动盘-自由蓝调-物理,Buff-驱动盘-自由蓝调-物理,1,480.0,1,False,True,"Debuff,自由蓝调"
Buff-驱动盘-自由蓝调-火,Buff-驱动盘-自由蓝调-火,1,480.0,1,False,True,"Debuff,自由蓝调"
Buff-驱动盘-自由蓝调-冰,Buff-驱动盘-自由蓝调-冰,1,480.0,1,False,True,"Debuff,自由蓝调"
Buff-驱动盘-自由蓝调-电,Buff-驱动盘-自由蓝调-电,1,480.0,1,False,True,"Debuff,自由蓝调"
Buff-驱动盘-自由蓝调-以太,Buff-驱动盘-自由蓝调-以太,1,480.0,1,False,True,"Debuff,自由蓝调"
Buff-驱动盘-自由蓝调-烈霜,Buff-驱动盘-自由蓝调-烈霜,1,480.0,1,False,True,"Debuff,自由蓝调"
Buff-驱动盘-河豚电音-终结技伤害提升,Buff-驱动盘-河豚电音-终结技伤害提升,1,0.0,1,False,True,河豚电音
Buff-驱动盘-河豚电音-攻击力提升,Buff-驱动盘-河豚电音-攻击力提升,1,720.0,1,False,True,河豚电音
Buff-驱动盘-静听嘉音-嘉音,Buff-驱动盘-静听嘉音-嘉音,3,900.0,1,False,True,静听嘉音
Buff-驱动盘-静听嘉音-增伤,Buff-驱动盘-静听嘉音-增伤,3,900.0,1,False,True,静听嘉音
Buff-驱动盘-摇摆爵士-全队增伤,Buff-驱动盘-摇摆爵士-全队增伤,1,720.0,1,False,True,摇摆爵士
Buff-驱动盘-激素朋克-全局攻击力,Buff-驱动盘-激素朋克-全局攻击力,1,600.0,1,False,True,激素朋克
Buff-驱动盘-混沌爵士-火电伤,Buff-驱动盘-混沌爵士-火电伤,1,0.0,1,False,True,混沌爵士
Buff-驱动盘-混沌爵士-前台增伤,Buff-驱动盘-混沌爵士-前台增伤,1,300.0,1,False,True,混沌爵士
Buff-驱动盘-原始朋克-全队增伤,Buff-驱动盘-原始朋克-全队增伤,1,-1.0,1,False,False,原始朋克
Buff-驱动盘-獠牙重金属-增伤,Buff-驱动盘-獠牙重金属-增伤,1,720.0,1,False,True,獠牙重金属
Buff-武器-精1啜泣摇篮-后台回能,Buff-武器-精1啜泣摇篮-后台回能,1,9999999.0,1,False,True,"Weapon,啜泣摇篮"
Buff-武器-精1啜泣摇篮-全队增伤,Buff-武器-精1啜泣摇篮-全队增伤,1,180.0,1,False,True,"Weapon,啜泣摇篮"
Buff-武器-精1啜泣摇篮-全队增伤自增长,Buff-武器-精1啜泣摇篮-全队增伤自增长,6,180.0,1,False,True,"Weapon,啜泣摇篮"
Buff-武器-精2啜泣摇篮-后台回能,Buff-武器-精2啜泣摇篮-后台回能,1,9999999.0,1,False,True,"Weapon,啜泣摇篮"
Buff-武器-精2啜泣摇篮-全队增伤,Buff-武器-精2啜泣摇篮-全队增伤,1,180.0,1,False,True,"Weapon,啜泣摇篮"
Buff-武器-精2啜泣摇篮-全队增伤自增长,Buff-武器-精2啜泣摇篮-全队增伤自增长,6,180.0,1,False,True,"Weapon,啜泣摇篮"
Buff-武器-精3啜泣摇篮-后台回能,Buff-武器-精3啜泣摇篮-后台回能,1,9999999.0,1,False,True,"Weapon,啜泣摇篮"
Buff-武器-精3啜泣摇篮-全队增伤,Buff-武器-精3啜泣摇篮-全队增伤,1,180.0,1,False,True,"Weapon,啜泣摇篮"
Buff-武器-精3啜泣摇篮-全队增伤自增长,Buff-武器-精3啜泣摇篮-全队增伤自增长,6,180.0,1,False,True,"Weapon,啜泣摇篮"
Buff-武器-精4啜泣摇篮-后台回能,Buff-武器-精4啜泣摇篮-后台回能,1,9999999.0,1,False,True,"Weapon,啜泣摇篮"
Buff-武器-精4啜泣摇篮-全队增伤,Buff-武器-精4啜泣摇篮-全队增伤,1,180.0,1,False,True,"Weapon,啜泣摇篮"
Buff-武器-精4啜泣摇篮-全队增伤自增长,Buff-武器-精4啜泣摇篮-全队增伤自增长,6,180.0,1,False,True,"Weapon,啜泣摇篮"
Buff-武器-精5啜泣摇篮-后台回能,Buff-武器-精5啜泣摇篮-后台回能,1,9999999.0,1,False,True,"Weapon,啜泣摇篮"
Buff-武器-精5啜泣摇篮-全队增伤,Buff-武器-精5啜泣摇篮-全队增伤,1,180.0,1,False,True,"Weapon,啜泣摇篮"
Buff-武器-精5啜泣摇篮-全队增伤自增长,Buff-武器-精5啜泣摇篮-全队增伤自增长,6,180.0,1,False,True,"Weapon,啜泣摇篮"
Buff-武器-精1时光切片-回能回喧响,Buff-武器-精1时光切片-回能回喧响,1,5.0,1,False,True,"Weapon,时光切片"
Buff-武器-精2时光切片-回能回喧响,Buff-武器-精2时光切片-回能回喧响,1,5.0,1,False,True,"Weapon,时光切片"
Buff-武器-精3时光切片-回能回喧响,Buff-武器-精3时光切片-回能回喧响,1,5.0,1,False,True,"Weapon,时光切片"
Buff-武器-精4时光切片-回能回喧响,Buff-武器-精4时光切片-回能回喧响,1,5.0,1,False,True,"Weapon,时光切片"
Buff-武器-精5时光切片-回能回喧响,Buff-武器-精5时光切片-回能回喧响,1,5.0,1,False,True,"Weapon,时光切片"
Buff-武器-精1聚宝箱-回能,Buff-武器-精1聚宝箱-回能,1,120.0,1,False,True,"Weapon,聚宝箱"
Buff-武器-精1聚宝箱-全队增伤,Buff-武器-精1聚宝箱-全队增伤,1,120.0,1,False,True,"Weapon,聚宝箱"
Buff-武器-精2聚宝箱-回能,Buff-武器-精2聚宝箱-回能,1,120.0,1,False,True,"Weapon,聚宝箱"
Buff-武器-精2聚宝箱-全队增伤,Buff-武器-精2聚宝箱-全队增伤,1,120.0,1,False,True,"Weapon,聚宝箱"
Buff-武器-精3聚宝箱-回能,Buff-武器-精3聚宝箱-回能,1,120.0,1,False,True,"Weapon,聚宝箱"
Buff-武器-精3聚宝箱-全队增伤,Buff-武器-精3聚宝箱-全队增伤,1,120.0,1,False,True,"Weapon,聚宝箱"
Buff-武器-精4聚宝箱-回能,Buff-武器-精4聚宝箱-回能,1,120.0,1,False,True,"Weapon,聚宝箱"
Buff-武器-精4聚宝箱-全队增伤,Buff-武器-精4聚宝箱-全队增伤,1,120.0,1,False,True,"Weapon,聚宝箱"
Buff-武器-精5聚宝箱-回能,Buff-武器-精5聚宝箱-回能,1,120.0,1,False,True,"Weapon,聚宝箱"
Buff-武器-精5聚宝箱-全队增伤,Buff-武器-精5聚宝箱-全队增伤,1,120.0,1,False,True,"Weapon,聚宝箱"
Buff-武器-精1好斗的阿炮-全局攻击力,Buff-武器-精1好斗的阿炮-全局攻击力,4,480.0,1,True,True,"Weapon,好斗的阿炮"
Buff-武器-精2好斗的阿炮-全局攻击力,Buff-武器-精2好斗的阿炮-全局攻击力,4,480.0,1,True,True,"Weapon,好斗的阿炮"
Buff-武器-精3好斗的阿炮-全局攻击力,Buff-武器-精3好斗的阿炮-全局攻击力,4,480.0,1,True,True,"Weapon,好斗的阿炮"
Buff-武器-精4好斗的阿炮-全局攻击力,Buff-武器-精4好斗的阿炮-全局攻击力,4,480.0,1,True,True,"Weapon,好斗的阿炮"
Buff-武器-精5好斗的阿炮-全局攻击力,Buff-武器-精5好斗的阿炮-全局攻击力,4,480.0,1,True,True,"Weapon,好斗的阿炮"
Buff-武器-精1逍遥游球-全队暴击率,Buff-武器-精1逍遥游球-全队暴击率,1,720.0,1,False,True,"Weapon,Debuff,逍遥游球"
Buff-武器-精2逍遥游球-全队暴击率,Buff-武器-精2逍遥游球-全队暴击率,1,720.0,1,False,True,"Weapon,Debuff,逍遥游球"
Buff-武器-精3逍遥游球-全队暴击率,Buff-武器-精3逍遥游球-全队暴击率,1,720.0,1,False,True,"Weapon,Debuff,逍遥游球"
Buff-武器-精4逍遥游球-全队暴击率,Buff-武器-精4逍遥游球-全队暴击率,1,720.0,1,False,True,"Weapon,Debuff,逍遥游球"
Buff-武器-精5逍遥游球-全队暴击率,Buff-武器-精5逍遥游球-全队暴击率,1,720.0,1,False,True,"Weapon,Debuff,逍遥游球"
Buff-武器-精1残响Ⅰ型-全队冲击力,Buff-武器-精1残响Ⅰ型-全队冲击力,1,600.0,1,False,True,"Weapon,残响I型"
Buff-武器-精2残响Ⅰ型-全队冲击力,Buff-武器-精2残响Ⅰ型-全队冲击力,1,600.0,1,False,True,"Weapon,残响I型"
Buff-武器-精3残响Ⅰ型-全队冲击力,Buff-武器-精3残响Ⅰ型-全队冲击力,1,600.0,1,False,True,"Weapon,残响I型"
Buff-武器-精4残响Ⅰ型-全队冲击力,Buff-武器-精4残响Ⅰ型-全队冲击力,1,600.0,1,False,True,"Weapon,残响I型"
Buff-武器-精5残响Ⅰ型-全队冲击力,Buff-武器-精5残响Ⅰ型-全队冲击力,1,600.0,1,False,True,"Weapon,残响I型"
Buff-武器-精1残响II型-全队掌控精通,Buff-武器-精1残响II型-全队掌控精通,1,600.0,1,False,True,"Weapon,残响II型"
Buff-武器-精2残响II型-全队掌控精通,Buff-武器-精2残响II型-全队掌控精通,1,600.0,1,False,True,"Weapon,残响II型"
Buff-武器-精3残响II型-全队掌控精通,Buff-武器-精3残响II型-全队掌控精通,1,600.0,1,False,True,"Weapon,残响II型"
Buff-武器-精4残响II型-全队掌控精通,Buff-武器-精4残响II型-全队掌控精通,1,600.0,1,False,True,"Weapon,残响II型"
Buff-武器-精5残响II型-全队掌控精通,Buff-武器-精5残响II型-全队掌控精通,1,600.0,1,False,True,"Weapon,残响II型"
Buff-武器-精1残响III型-全队攻击力,Buff-武器-精1残响III型-全队攻击力,1,600.0,1,False,True,"Weapon,残响III型"
Buff-武器-精2残响III型-全队攻击力,Buff-武器-精2残响III型-全队攻击力,1,600.0,1,False,True,"Weapon,残响III型"
Buff-武器-精3残响III型-全队攻击力,Buff-武器-精3残响III型-全队攻击力,1,600.0,1,False,True,"Weapon,残响III型"
Buff-武器-精4残响III型-全队攻击力,Buff-武器-精4残响III型-全队攻击力,1,600.0,1,False,True,"Weapon,残响III型"
Buff-武器-精5残响III型-全队攻击力,Buff-武器-精5残响III型-全队攻击力,1,600.0,1,False,True,"Weapon,残响III型"
Buff-角色-妮可-核心被动-减防,Buff-角色-妮可-核心被动-减防,1,210.0,1,False,True,"Debuff,妮可"
Buff-角色-妮可-组队被动以太-增伤,Buff-角色-妮可-组队被动以太-增伤,1,210.0,1,False,True,"AdditionalAbility,妮可"
Buff-角色-凯撒-大招-命中护盾增加失衡值,Buff-角色-凯撒-大招-命中护盾增加失衡值,1,0.0,1,False,True,凯撒
Buff-角色-凯撒-核心被动-攻击力,Buff-角色-凯撒-核心被动-攻击力,1,-1.0,1,False,False,
1071_E_A|1071_E_B|1071_E_EX_A|1071_E_EX_B|1071_SNA,Buff-角色-凯撒-组队被动-增伤,1,1800.0,1,False,True,"Debuff,AdditionalAbility,凯撒"
Buff-角色-耀佳音-咏叹华彩,Buff-角色-耀佳音-咏叹华彩,1,999999.0,1,False,True,耀嘉音
Buff-角色-耀佳音-核心被动-攻击力,Buff-角色-耀佳音-核心被动-攻击力,1200,1800.0,1,False,True,耀嘉音
Buff-角色-耀佳音-组队被动-触发器,Buff-角色-耀佳音-组队被动-触发器,1,0.0,1,False,True,"AdditionalAbility,耀嘉音"
Buff-角色-耀佳音-快支管理器-触发器,Buff-角色-耀佳音-快支管理器-触发器,1,0.0,1,False,True,耀嘉音
Buff-角色-耀佳音-震音管理器-触发器,Buff-角色-耀佳音-震音管理器-触发器,1,0.0,1,False,True,耀嘉音
Buff-角色-耀佳音-1画-减防,Buff-角色-耀佳音-1画-减防,1,-1.0,1,False,False,
Buff-角色-耀佳音-1画-无敌效果,Buff-角色-耀佳音-1画-无敌效果,1,-1.0,1,False,False,
Buff-角色-耀佳音-2画-额外攻击力,Buff-角色-耀佳音-2画-额外攻击力,1,-1.0,1,False,False,
Buff-角色-耀佳音-4画-强攻特效触发器,Buff-角色-耀佳音-4画-强攻特效触发器,1,-1.0,1,False,False,
Buff-角色-耀佳音-4画-异常特效,Buff-角色-耀佳音-4画-异常特效,1,-1.0,1,False,False,
Buff-角色-耀佳音-4画-击破特效,Buff-角色-耀佳音-4画-击破特效,1,-1.0,1,False,False,
Buff-角色-耀佳音-6画-震音音簇暴击率提升,Buff-角色-耀佳音-6画-震音音簇暴击率提升,1,-1.0,1,False,False,
Buff-角色-耀佳音-6画-重击暴击率提升,Buff-角色-耀佳音-6画-重击暴击率提升,1,-1.0,1,False,False,
Buff-角色-柏妮思-核心被动-燃油特调触发器,Buff-角色-柏妮思-核心被动-燃油特调触发器,1,999999.0,1,False,True,柏妮思
Buff-角色-柏妮思-核心被动-余烬增伤,Buff-角色-柏妮思-核心被动-余烬增伤,30,5.0,1,False,True,"AdditionalAbility,柏妮思"
Buff-角色-柏妮思-影画2-热意洞穿,Buff-角色-柏妮思-影画2-热意洞穿,5,360.0,1,False,False,"Debuff,Cinema,柏妮思"
Buff-角色-柏妮思-影画4-招式暴击率,Buff-角色-柏妮思-影画4-招式暴击率,1,0.0,1,False,True,"Cinema,柏妮思"
Buff-武器-精1灼心摇壶-回能,Buff-武器-精1灼心摇壶-回能,1,999999.0,1,False,True,"Weapon,灼心摇壶"
Buff-武器-精1灼心摇壶-增伤,Buff-武器-精1灼心摇壶-增伤,10,360.0,1,False,True,"Weapon,灼心摇壶"
Buff-武器-精1灼心摇壶-精通,Buff-武器-精1灼心摇壶-精通,1,360.0,1,False,True,"Weapon,灼心摇壶"
Buff-武器-精2灼心摇壶-回能,Buff-武器-精2灼心摇壶-回能,1,999999.0,1,False,True,"Weapon,灼心摇壶"
Buff-武器-精2灼心摇壶-增伤,Buff-武器-精2灼心摇壶-增伤,10,360.0,1,False,True,"Weapon,灼心摇壶"
Buff-武器-精2灼心摇壶-精通,Buff-武器-精2灼心摇壶-精通,1,360.0,1,False,True,"Weapon,灼心摇壶"
Buff-武器-精3灼心摇壶-回能,Buff-武器-精3灼心摇壶-回能,1,999999.0,1,False,True,"Weapon,灼心摇壶"
Buff-武器-精3灼心摇壶-增伤,Buff-武器-精3灼心摇壶-增伤,10,360.0,1,False,True,"Weapon,灼心摇壶"
Buff-武器-精3灼心摇壶-精通,Buff-武器-精3灼心摇壶-精通,1,360.0,1,False,True,"Weapon,灼心摇壶"
Buff-武器-精4灼心摇壶-回能,Buff-武器-精4灼心摇壶-回能,1,999999.0,1,False,True,"Weapon,灼心摇壶"
Buff-武器-精4灼心摇壶-增伤,Buff-武器-精4灼心摇壶-增伤,10,360.0,1,False,True,"Weapon,灼心摇壶"
Buff-武器-精4灼心摇壶-精通,Buff-武器-精4灼心摇壶-精通,1,360.0,1,False,True,"Weapon,灼心摇壶"
Buff-武器-精5灼心摇壶-回能,Buff-武器-精5灼心摇壶-回能,1,999999.0,1,False,True,"Weapon,灼心摇壶"
Buff-武器-精5灼心摇壶-增伤,Buff-武器-精5灼心摇壶-增伤,10,360.0,1,False,True,"Weapon,灼心摇壶"
Buff-武器-精5灼心摇壶-精通,Buff-武器-精5灼心摇壶-精通,1,360.0,1,False,True,"Weapon,灼心摇壶"
Buff-角色-格莉丝-核心被动-电能,Buff-角色-格莉丝-核心被动-电能,8,-1.0,1,False,True,格莉丝
Buff-角色-格莉丝-组队被动-感电伤害,Buff-角色-格莉丝-组队被动-感电伤害,2,-1.0,1,False,True,"Debuff,AdditionalAbility,格莉丝"
Buff-角色-格莉丝-影画2-双抗降低,Buff-角色-格莉丝-影画2-双抗降低,1,-1.0,1,False,True,"Debuff,Cinema,格莉丝"
Buff-武器-精1嵌合编译器-攻击力,Buff-武器-精1嵌合编译器-攻击力,1,0.0,1,False,True,"Weapon,嵌合编译器"
Buff-武器-精1嵌合编译器-精通,Buff-武器-精1嵌合编译器-精通,3,480.0,1,True,True,"Weapon,嵌合编译器"
Buff-武器-精2嵌合编译器-攻击力,Buff-武器-精2嵌合编译器-攻击力,1,0.0,1,False,True,"Weapon,嵌合编译器"
Buff-武器-精2嵌合编译器-精通,Buff-武器-精2嵌合编译器-精通,3,480.0,1,True,True,"Weapon,嵌合编译器"
Buff-武器-精3嵌合编译器-攻击力,Buff-武器-精3嵌合编译器-攻击力,1,0.0,1,False,True,"Weapon,嵌合编译器"
Buff-武器-精3嵌合编译器-精通,Buff-武器-精3嵌合编译器-精通,3,480.0,1,True,True,"Weapon,嵌合编译器"
Buff-武器-精4嵌合编译器-攻击力,Buff-武器-精4嵌合编译器-攻击力,1,0.0,1,False,True,"Weapon,嵌合编译器"
Buff-武器-精4嵌合编译器-精通,Buff-武器-精4嵌合编译器-精通,3,480.0,1,True,True,"Weapon,嵌合编译器"
Buff-武器-精5嵌合编译器-攻击力,Buff-武器-精5嵌合编译器-攻击力,1,0.0,1,False,True,"Weapon,嵌合编译器"
Buff-武器-精5嵌合编译器-精通,Buff-武器-精5嵌合编译器-精通,3,480.0,1,True,True,"Weapon,嵌合编译器"
Buff-武器-精1防暴者Ⅵ型-暴击率,Buff-武器-精1防暴者Ⅵ型-暴击率,1,0.0,1,False,True,"Weapon,防暴者Ⅵ型"
Buff-武器-精2防暴者Ⅵ型-暴击率,Buff-武器-精2防暴者Ⅵ型-暴击率,1,0.0,1,False,True,"Weapon,防暴者Ⅵ型"
Buff-武器-精3防暴者Ⅵ型-暴击率,Buff-武器-精3防暴者Ⅵ型-暴击率,1,0.0,1,False,True,"Weapon,防暴者Ⅵ型"
Buff-武器-精4防暴者Ⅵ型-暴击率,Buff-武器-精4防暴者Ⅵ型-暴击率,1,0.0,1,False,True,"Weapon,防暴者Ⅵ型"
Buff-武器-精5防暴者Ⅵ型-暴击率,Buff-武器-精5防暴者Ⅵ型-暴击率,1,0.0,1,False,True,"Weapon,防暴者Ⅵ型"
Buff-武器-精1防暴者Ⅵ型-普攻增伤,Buff-武器-精1防暴者Ⅵ型-普攻增伤,1,9999999.0,1,False,True,"Weapon,防暴者Ⅵ型"
Buff-武器-精2防暴者Ⅵ型-普攻增伤,Buff-武器-精2防暴者Ⅵ型-普攻增伤,1,9999999.0,1,False,True,"Weapon,防暴者Ⅵ型"
Buff-武器-精3防暴者Ⅵ型-普攻增伤,Buff-武器-精3防暴者Ⅵ型-普攻增伤,1,9999999.0,1,False,True,"Weapon,防暴者Ⅵ型"
Buff-武器-精4防暴者Ⅵ型-普攻增伤,Buff-武器-精4防暴者Ⅵ型-普攻增伤,1,9999999.0,1,False,True,"Weapon,防暴者Ⅵ型"
Buff-武器-精5防暴者Ⅵ型-普攻增伤,Buff-武器-精5防暴者Ⅵ型-普攻增伤,1,9999999.0,1,False,True,"Weapon,防暴者Ⅵ型"
"
1241_SRA_F_ET|1241_SRA_B_ET|1241_SRA_S_ET|1241_SNA_1_A|1241_SNA_1_A_α|1241_SNA_1_A_β|1241_SNA_2_A|1241_SNA_3_A|1241_SNA_4_A|1241_SNA_10_A",Buff-角色-朱鸢-核心被动-强化普攻增伤,1,0.0,1,False,True,朱鸢
Buff-角色-朱鸢-核心被动-失衡普攻增伤,Buff-角色-朱鸢-核心被动-失衡普攻增伤,1,0.0,1,False,True,朱鸢
Buff-角色-朱鸢-额外能力-暴击率,Buff-角色-朱鸢-额外能力-暴击率,1,6000.0,1,False,True,"AdditionalAbility,朱鸢"
"
1241_SRA_F_ET|1241_SRA_B_ET|1241_SRA_S_ET|1241_SNA_1_A|1241_SNA_1_A_α|1241_SNA_1_A_β|1241_SNA_2_A|1241_SNA_3_A|1241_SNA_4_A|1241_SNA_10_A",Buff-角色-朱鸢-2画-强化普攻增伤,5,300.0,1,False,True,"Cinema,朱鸢"
"
1241_SRA_F_ET|1241_SRA_B_ET|1241_SRA_S_ET|1241_SNA_1_A|1241_SNA_1_A_α|1241_SNA_1_A_β|1241_SNA_2_A|1241_SNA_3_A|1241_SNA_4_A|1241_SNA_10_A",Buff-角色-朱鸢-4画-无视以太抗,1,0.0,1,False,True,"Cinema,朱鸢"
Buff-角色-朱鸢-6画-降低能耗,Buff-角色-朱鸢-6画-降低能耗,1,0.0,1,False,True,"Cinema,朱鸢"
Buff-角色-格丽斯-4画-能量获取效率,Buff-角色-格丽斯-4画-能量获取效率,1,-1.0,1,False,False,"Cinema,格莉丝"
Buff-角色-格丽斯-6画-特殊技增伤,Buff-角色-格丽斯-6画-特殊技增伤,1,-1.0,1,False,False,"Cinema,格莉丝"
Buff-角色-伊芙琳-核心被动-暴击率提升,Buff-角色-伊芙琳-核心被动-暴击率提升,1,600.0,1,False,True,伊芙琳
Buff-角色-伊芙琳-组队被动-连携技大招增伤,Buff-角色-伊芙琳-组队被动-连携技大招增伤,1,0.0,1,False,True,"AdditionalAbility,伊芙琳"
Buff-角色-伊芙琳-组队被动-连携技大招倍率增加,Buff-角色-伊芙琳-组队被动-连携技大招倍率增加,1,0.0,1,False,True,"AdditionalAbility,伊芙琳"
Buff-角色-伊芙琳-1画-无视防御力,Buff-角色-伊芙琳-1画-无视防御力,1,0.0,1,False,True,"Cinema,伊芙琳"
1321_E_2|1321_E_EX|1321_E_EX_A,Buff-角色-伊芙琳-1画-无视防御力扩散,1,600.0,1,False,True,"Cinema,伊芙琳"
Buff-角色-伊芙琳-1画-禁锢触发器,Buff-角色-伊芙琳-1画-禁锢触发器,1,999999.0,1,False,True,"Debuff,Cinema,伊芙琳"
Buff-角色-伊芙琳-2画-局内大攻击,Buff-角色-伊芙琳-2画-局内大攻击,1,0.0,1,False,True,"Cinema,伊芙琳"
1321_SNA_1|1321_SNA_2,Buff-角色-伊芙琳-2画-返还撩火触发器,1,0.0,1,False,True,"Cinema,伊芙琳"
Buff-角色-伊芙琳-2画-连携技打断等级提升,Buff-角色-伊芙琳-2画-连携技打断等级提升,1,0.0,1,False,True,"Cinema,伊芙琳"
Buff-角色-伊芙琳-4画-护盾给暴伤,Buff-角色-伊芙琳-4画-护盾给暴伤,1,0.0,1,False,True,"Cinema,伊芙琳"
Buff-角色-伊芙琳-4画-护盾,Buff-角色-伊芙琳-4画-护盾,1,999999.0,1,False,True,"Cinema,伊芙琳"
Buff-角色-伊芙琳-6画-额外追击触发器,Buff-角色-伊芙琳-6画-额外追击触发器,16,1200.0,16,False,True,"Cinema,伊芙琳"
Buff-武器-精1心弦夜响-暴伤,Buff-武器-精1心弦夜响-暴伤,1,0.0,2,False,True,"Weapon,心弦夜响"
Buff-武器-精2心弦夜响-暴伤,Buff-武器-精2心弦夜响-暴伤,1,0.0,2,False,True,"Weapon,心弦夜响"
Buff-武器-精3心弦夜响-暴伤,Buff-武器-精3心弦夜响-暴伤,1,0.0,2,False,True,"Weapon,心弦夜响"
Buff-武器-精4心弦夜响-暴伤,Buff-武器-精4心弦夜响-暴伤,1,0.0,2,False,True,"Weapon,心弦夜响"
Buff-武器-精5心弦夜响-暴伤,Buff-武器-精5心弦夜响-暴伤,1,0.0,2,False,True,"Weapon,心弦夜响"
Buff-武器-精1心弦夜响-无视火抗,Buff-武器-精1心弦夜响-无视火抗,2,1800.0,1,False,True,"Weapon,心弦夜响"
Buff-武器-精2心弦夜响-无视火抗,Buff-武器-精2心弦夜响-无视火抗,2,1800.0,1,False,True,"Weapon,心弦夜响"
Buff-武器-精3心弦夜响-无视火抗,Buff-武器-精3心弦夜响-无视火抗,2,1800.0,1,False,True,"Weapon,心弦夜响"
Buff-武器-精4心弦夜响-无视火抗,Buff-武器-精4心弦夜响-无视火抗,2,1800.0,1,False,True,"Weapon,心弦夜响"
Buff-武器-精5心弦夜响-无视火抗,Buff-武器-精5心弦夜响-无视火抗,2,1800.0,1,False,True,"Weapon,心弦夜响"
Buff-武器-精1心弦夜响-心弦触发器,Buff-武器-精1心弦夜响-心弦触发器,2,1800.0,1,False,True,"Weapon,废弃"
Buff-武器-精2心弦夜响-心弦触发器,Buff-武器-精2心弦夜响-心弦触发器,2,1800.0,1,False,True,"Weapon,废弃"
Buff-武器-精3心弦夜响-心弦触发器,Buff-武器-精3心弦夜响-心弦触发器,2,1800.0,1,False,True,"Weapon,废弃"
Buff-武器-精4心弦夜响-心弦触发器,Buff-武器-精4心弦夜响-心弦触发器,2,1800.0,1,False,True,"Weapon,废弃"
Buff-武器-精5心弦夜响-心弦触发器,Buff-武器-精5心弦夜响-心弦触发器,2,1800.0,1,False,True,"Weapon,废弃"
1201_SRA_1|1201_SRA_2|1201_SRA_3,Buff-角色-悠真-核心被动-特殊冲刺攻击暴击率,1,0.0,1,False,True,悠真
1201_SRA_1|1201_SRA_2|1201_SRA_3,Buff-角色-悠真-核心被动-特殊冲刺攻击暴伤,6,300.0,1,False,True,悠真
Buff-角色-悠真-组队被动,Buff-角色-悠真-组队被动,1,0.0,1,False,True,"AdditionalAbility,悠真"
Buff-角色-悠真-2画-特殊冲刺攻击增伤,Buff-角色-悠真-2画-特殊冲刺攻击增伤,7,0.0,7,False,True,"Cinema,悠真"
Buff-角色-悠真-6画-无视电抗,Buff-角色-悠真-6画-无视电抗,1,720.0,1,False,True,"Cinema,悠真"
Buff-武器-精1残心青囊-暴击率,Buff-武器-精1残心青囊-暴击率,1,0.0,1,False,True,"Weapon,残心青囊"
Buff-武器-精2残心青囊-暴击率,Buff-武器-精2残心青囊-暴击率,1,0.0,1,False,True,"Weapon,残心青囊"
Buff-武器-精3残心青囊-暴击率,Buff-武器-精3残心青囊-暴击率,1,0.0,1,False,True,"Weapon,残心青囊"
Buff-武器-精4残心青囊-暴击率,Buff-武器-精4残心青囊-暴击率,1,0.0,1,False,True,"Weapon,残心青囊"
Buff-武器-精5残心青囊-暴击率,Buff-武器-精5残心青囊-暴击率,1,0.0,1,False,True,"Weapon,残心青囊"
Buff-武器-精1残心青囊-电属性伤害,Buff-武器-精1残心青囊-电属性伤害,1,0.0,1,False,True,"Weapon,残心青囊"
Buff-武器-精2残心青囊-电属性伤害,Buff-武器-精2残心青囊-电属性伤害,1,0.0,1,False,True,"Weapon,残心青囊"
Buff-武器-精3残心青囊-电属性伤害,Buff-武器-精3残心青囊-电属性伤害,1,0.0,1,False,True,"Weapon,残心青囊"
Buff-武器-精4残心青囊-电属性伤害,Buff-武器-精4残心青囊-电属性伤害,1,0.0,1,False,True,"Weapon,残心青囊"
Buff-武器-精5残心青囊-电属性伤害,Buff-武器-精5残心青囊-电属性伤害,1,0.0,1,False,True,"Weapon,残心青囊"
Buff-武器-精1残心青囊-条件暴击率,Buff-武器-精1残心青囊-条件暴击率,1,900.0,1,False,True,"Weapon,残心青囊"
Buff-武器-精2残心青囊-条件暴击率,Buff-武器-精2残心青囊-条件暴击率,1,900.0,1,False,True,"Weapon,残心青囊"
Buff-武器-精3残心青囊-条件暴击率,Buff-武器-精3残心青囊-条件暴击率,1,900.0,1,False,True,"Weapon,残心青囊"
Buff-武器-精4残心青囊-条件暴击率,Buff-武器-精4残心青囊-条件暴击率,1,900.0,1,False,True,"Weapon,残心青囊"
Buff-武器-精5残心青囊-条件暴击率,Buff-武器-精5残心青囊-条件暴击率,1,900.0,1,False,True,"Weapon,残心青囊"
Buff-角色-艾莲-1画-暴击率,Buff-角色-艾莲-1画-暴击率,6,900.0,1,True,True,"Cinema,艾莲"
Buff-角色-艾莲-2画-强化特殊技额外爆伤,Buff-角色-艾莲-2画-强化特殊技额外爆伤,3,0.0,1,False,True,"Cinema,艾莲"
Buff-角色-艾莲-4画-能量回复,Buff-角色-艾莲-4画-能量回复,1,0.0,1,False,True,"Cinema,艾莲"
Buff-角色-艾莲-6画-穿透率,Buff-角色-艾莲-6画-穿透率,1,360.0,1,False,True,"Cinema,艾莲"
Buff-角色-艾莲-6画-冲刺蓄力剪增伤,Buff-角色-艾莲-6画-冲刺蓄力剪增伤,1,0.0,1,False,True,"Cinema,艾莲"
Buff-角色-11号-1画-回能,Buff-角色-11号-1画-回能,1,0.0,1,False,True,"Cinema,11号"
1041_SNA_1|1041_SNA_2|1041_SNA_3|1041_SNA_4|1041_SRA,Buff-角色-11号-2画-火力镇压增伤,12,900.0,1,False,True,"Cinema,11号"
Buff-角色-11号-6画-火力镇压无视火抗,Buff-角色-11号-6画-火力镇压无视火抗,8,999999.0,1,False,True,"Cinema,11号"
Buff-角色-艾莲-快蓄触发器,Buff-角色-艾莲-快蓄触发器,1,-1.0,1,False,False,艾莲（测试）
1171_SNA_1|1171_SNA_2|1171_E_EX_1|1171_E_EX_2|1171_E_EX_A_1|1171_E_EX_A_2|1171_Core_Passive,Buff-角色-柏妮思-组队被动-火积蓄加成,1,0.0,1,False,True,"AdditionalAbility,柏妮思"
Buff-角色-柏妮思-1画-余烬倍率提升,Buff-角色-柏妮思-1画-余烬倍率提升,1,-1.0,1,False,False,"Cinema,柏妮思"
Buff-角色-柏妮思-1画-余烬火积蓄加成,Buff-角色-柏妮思-1画-余烬火积蓄加成,1,-1.0,1,False,False,"Cinema,柏妮思"
Buff-角色-柏妮思-4画-双喷延时触发器,Buff-角色-柏妮思-4画-双喷延时触发器,1,0.0,1,False,True,"Cinema,柏妮思"
Buff-武器-精1家政员-后场时能量回复,Buff-武器-精1家政员-后场时能量回复,1,0.0,1,False,True,"Weapon,家政员"
Buff-武器-精2家政员-后场时能量回复,Buff-武器-精2家政员-后场时能量回复,1,0.0,1,False,True,"Weapon,家政员"
Buff-武器-精3家政员-后场时能量回复,Buff-武器-精3家政员-后场时能量回复,1,0.0,1,False,True,"Weapon,家政员"
Buff-武器-精4家政员-后场时能量回复,Buff-武器-精4家政员-后场时能量回复,1,0.0,1,False,True,"Weapon,家政员"
Buff-武器-精5家政员-后场时能量回复,Buff-武器-精5家政员-后场时能量回复,1,0.0,1,False,True,"Weapon,家政员"
Buff-武器-精1家政员-物理增伤,Buff-武器-精1家政员-物理增伤,15,60.0,1,False,True,"Weapon,家政员"
Buff-武器-精2家政员-物理增伤,Buff-武器-精2家政员-物理增伤,15,60.0,1,False,True,"Weapon,家政员"
Buff-武器-精3家政员-物理增伤,Buff-武器-精3家政员-物理增伤,15,60.0,1,False,True,"Weapon,家政员"
Buff-武器-精4家政员-物理增伤,Buff-武器-精4家政员-物理增伤,15,60.0,1,False,True,"Weapon,家政员"
Buff-武器-精5家政员-物理增伤,Buff-武器-精5家政员-物理增伤,15,60.0,1,False,True,"Weapon,家政员"
Buff-武器-精1旋钻机-赤轴-电属性增伤,Buff-武器-精1旋钻机-赤轴-电属性增伤,1,600.0,1,False,True,"Weapon,旋钻机-赤轴"
Buff-武器-精2旋钻机-赤轴-电属性增伤,Buff-武器-精2旋钻机-赤轴-电属性增伤,1,600.0,1,False,True,"Weapon,旋钻机-赤轴"
Buff-武器-精3旋钻机-赤轴-电属性增伤,Buff-武器-精3旋钻机-赤轴-电属性增伤,1,600.0,1,False,True,"Weapon,旋钻机-赤轴"
Buff-武器-精4旋钻机-赤轴-电属性增伤,Buff-武器-精4旋钻机-赤轴-电属性增伤,1,600.0,1,False,True,"Weapon,旋钻机-赤轴"
Buff-武器-精5旋钻机-赤轴-电属性增伤,Buff-武器-精5旋钻机-赤轴-电属性增伤,1,600.0,1,False,True,"Weapon,旋钻机-赤轴"
Buff-武器-精1星徽引擎-攻击力提升,Buff-武器-精1星徽引擎-攻击力提升,1,720.0,1,False,True,"Weapon,星徽引擎"
Buff-武器-精2星徽引擎-攻击力提升,Buff-武器-精2星徽引擎-攻击力提升,1,720.0,1,False,True,"Weapon,星徽引擎"
Buff-武器-精3星徽引擎-攻击力提升,Buff-武器-精3星徽引擎-攻击力提升,1,720.0,1,False,True,"Weapon,星徽引擎"
Buff-武器-精4星徽引擎-攻击力提升,Buff-武器-精4星徽引擎-攻击力提升,1,720.0,1,False,True,"Weapon,星徽引擎"
Buff-武器-精5星徽引擎-攻击力提升,Buff-武器-精5星徽引擎-攻击力提升,1,720.0,1,False,True,"Weapon,星徽引擎"
Buff-武器-精1星鎏金花信-攻击力提升,Buff-武器-精1星鎏金花信-攻击力提升,1,0.0,1,False,True,"Weapon,弃用"
Buff-武器-精2星鎏金花信-攻击力提升,Buff-武器-精2星鎏金花信-攻击力提升,1,0.0,1,False,True,"Weapon,弃用"
Buff-武器-精3星鎏金花信-攻击力提升,Buff-武器-精3星鎏金花信-攻击力提升,1,0.0,1,False,True,"Weapon,弃用"
Buff-武器-精4星鎏金花信-攻击力提升,Buff-武器-精4星鎏金花信-攻击力提升,1,0.0,1,False,True,"Weapon,弃用"
Buff-武器-精5星鎏金花信-攻击力提升,Buff-武器-精5星鎏金花信-攻击力提升,1,0.0,1,False,True,"Weapon,弃用"
Buff-武器-精1星鎏金花信-强化特殊技增伤,Buff-武器-精1星鎏金花信-强化特殊技增伤,1,0.0,1,False,True,"Weapon,弃用"
Buff-武器-精2星鎏金花信-强化特殊技增伤,Buff-武器-精2星鎏金花信-强化特殊技增伤,1,0.0,1,False,True,"Weapon,弃用"
Buff-武器-精3星鎏金花信-强化特殊技增伤,Buff-武器-精3星鎏金花信-强化特殊技增伤,1,0.0,1,False,True,"Weapon,弃用"
Buff-武器-精4星鎏金花信-强化特殊技增伤,Buff-武器-精4星鎏金花信-强化特殊技增伤,1,0.0,1,False,True,"Weapon,弃用"
Buff-武器-精5星鎏金花信-强化特殊技增伤,Buff-武器-精5星鎏金花信-强化特殊技增伤,1,0.0,1,False,True,"Weapon,弃用"
Buff-武器-精1星强音热望-攻击力提升,Buff-武器-精1星强音热望-攻击力提升,1,480.0,1,False,True,"Weapon,弃用"
Buff-武器-精2星强音热望-攻击力提升,Buff-武器-精2星强音热望-攻击力提升,1,480.0,1,False,True,"Weapon,弃用"
Buff-武器-精3星强音热望-攻击力提升,Buff-武器-精3星强音热望-攻击力提升,1,480.0,1,False,True,"Weapon,弃用"
Buff-武器-精4星强音热望-攻击力提升,Buff-武器-精4星强音热望-攻击力提升,1,480.0,1,False,True,"Weapon,弃用"
Buff-武器-精5星强音热望-攻击力提升,Buff-武器-精5星强音热望-攻击力提升,1,480.0,1,False,True,"Weapon,弃用"
Buff-武器-精1星强音热望-额外攻击力提升,Buff-武器-精1星强音热望-额外攻击力提升,1,480.0,1,False,True,"Weapon,弃用"
Buff-武器-精2星强音热望-额外攻击力提升,Buff-武器-精2星强音热望-额外攻击力提升,1,480.0,1,False,True,"Weapon,弃用"
Buff-武器-精3星强音热望-额外攻击力提升,Buff-武器-精3星强音热望-额外攻击力提升,1,480.0,1,False,True,"Weapon,弃用"
Buff-武器-精4星强音热望-额外攻击力提升,Buff-武器-精4星强音热望-额外攻击力提升,1,480.0,1,False,True,"Weapon,弃用"
Buff-武器-精5星强音热望-额外攻击力提升,Buff-武器-精5星强音热望-额外攻击力提升,1,480.0,1,False,True,"Weapon,弃用"
Buff-角色-扳机-核心被动-失衡易伤,Buff-角色-扳机-核心被动-失衡易伤,1,300.0,1,False,True,"Debuff,扳机"
Buff-角色-扳机-额外能力-追加攻击失衡值提升,Buff-角色-扳机-额外能力-追加攻击失衡值提升,75,999999.0,1,False,True,"AdditionalAbility,扳机"
Buff-角色-扳机-协同攻击-触发器,Buff-角色-扳机-协同攻击-触发器,1,0.0,1,False,True,扳机
Buff-角色-扳机-协战状态-触发器,Buff-角色-扳机-协战状态-触发器,1,-1.0,1,False,False,
Buff-角色-扳机-1画-失衡易伤提升,Buff-角色-扳机-1画-失衡易伤提升,1,300.0,1,False,True,"Debuff,Cinema,扳机"
Buff-角色-扳机-1画-决意值提升触发器,Buff-角色-扳机-1画-决意值提升触发器,1,-1.0,1,False,False,
Buff-角色-扳机-2画-猎眸,Buff-角色-扳机-2画-猎眸,4,600.0,1,False,True,"Cinema,扳机"
Buff-角色-扳机-4画-断离触发器,Buff-角色-扳机-4画-断离触发器,1,-1.0,1,False,False,
Buff-角色-扳机-6画-破甲凶弹触发器,Buff-角色-扳机-6画-破甲凶弹触发器,1,-1.0,1,False,False,
Buff-角色-零号·安比-银星触发器,Buff-角色-零号·安比-银星触发器,1,999999.0,1,False,True,"Debuff,零号·安比"
Buff-角色-零号·安比-核心被动-增伤,Buff-角色-零号·安比-核心被动-增伤,1,0.0,1,False,True,零号·安比
Buff-角色-零号·安比-核心被动-受暴伤增加,Buff-角色-零号·安比-核心被动-受暴伤增加,999999,999999.0,1,False,True,"Debuff,零号·安比"
Buff-角色-零号·安比-组队被动-暴击率提升,Buff-角色-零号·安比-组队被动-暴击率提升,1,0.0,1,False,True,"AdditionalAbility,零号·安比"
Buff-角色-零号·安比-组队被动-全队对银星目标增伤,Buff-角色-零号·安比-组队被动-全队对银星目标增伤,1,0.0,1,False,True,"AdditionalAbility,零号·安比"
Buff-角色-零号·安比-2画-暴击率提升,Buff-角色-零号·安比-2画-暴击率提升,1,0.0,1,False,True,"Cinema,零号·安比"
Buff-角色-零号·安比-4画-无视电抗,Buff-角色-零号·安比-4画-无视电抗,1,0.0,1,False,True,"Cinema,零号·安比"
Buff-武器-精1牺牲洁纯-常驻暴伤,Buff-武器-精1牺牲洁纯-常驻暴伤,1,0.0,1,False,True,"Weapon,牺牲洁纯"
Buff-武器-精2牺牲洁纯-常驻暴伤,Buff-武器-精2牺牲洁纯-常驻暴伤,1,0.0,1,False,True,"Weapon,牺牲洁纯"
Buff-武器-精3牺牲洁纯-常驻暴伤,Buff-武器-精3牺牲洁纯-常驻暴伤,1,0.0,1,False,True,"Weapon,牺牲洁纯"
Buff-武器-精4牺牲洁纯-常驻暴伤,Buff-武器-精4牺牲洁纯-常驻暴伤,1,0.0,1,False,True,"Weapon,牺牲洁纯"
Buff-武器-精5牺牲洁纯-常驻暴伤,Buff-武器-精5牺牲洁纯-常驻暴伤,1,0.0,1,False,True,"Weapon,牺牲洁纯"
Buff-武器-精1牺牲洁纯-触发暴伤,Buff-武器-精1牺牲洁纯-触发暴伤,3,1800.0,1,True,True,"Weapon,牺牲洁纯"
Buff-武器-精2牺牲洁纯-触发暴伤,Buff-武器-精2牺牲洁纯-触发暴伤,3,1800.0,1,True,True,"Weapon,牺牲洁纯"
Buff-武器-精3牺牲洁纯-触发暴伤,Buff-武器-精3牺牲洁纯-触发暴伤,3,1800.0,1,True,True,"Weapon,牺牲洁纯"
Buff-武器-精4牺牲洁纯-触发暴伤,Buff-武器-精4牺牲洁纯-触发暴伤,3,1800.0,1,True,True,"Weapon,牺牲洁纯"
Buff-武器-精5牺牲洁纯-触发暴伤,Buff-武器-精5牺牲洁纯-触发暴伤,3,1800.0,1,True,True,"Weapon,牺牲洁纯"
Buff-武器-精1牺牲洁纯-满层电伤,Buff-武器-精1牺牲洁纯-满层电伤,1,999999.0,1,False,True,"Weapon,牺牲洁纯"
Buff-武器-精2牺牲洁纯-满层电伤,Buff-武器-精2牺牲洁纯-满层电伤,1,999999.0,1,False,True,"Weapon,牺牲洁纯"
Buff-武器-精3牺牲洁纯-满层电伤,Buff-武器-精3牺牲洁纯-满层电伤,1,999999.0,1,False,True,"Weapon,牺牲洁纯"
Buff-武器-精4牺牲洁纯-满层电伤,Buff-武器-精4牺牲洁纯-满层电伤,1,999999.0,1,False,True,"Weapon,牺牲洁纯"
Buff-武器-精5牺牲洁纯-满层电伤,Buff-武器-精5牺牲洁纯-满层电伤,1,999999.0,1,False,True,"Weapon,牺牲洁纯"
Buff-驱动盘-如影相随-二件套,Buff-驱动盘-如影相随-二件套,1,0.0,1,False,True,如影相随
Buff-驱动盘-如影相随-四件套,Buff-驱动盘-如影相随-四件套,3,900.0,1,False,True,如影相随
Buff-武器-精1索魂影眸-减防,Buff-武器-精1索魂影眸-减防,1,300.0,1,False,True,"Weapon,Debuff,索魂影眸"
Buff-武器-精2索魂影眸-减防,Buff-武器-精2索魂影眸-减防,1,300.0,1,False,True,"Weapon,Debuff,索魂影眸"
Buff-武器-精3索魂影眸-减防,Buff-武器-精3索魂影眸-减防,1,300.0,1,False,True,"Weapon,Debuff,索魂影眸"
Buff-武器-精4索魂影眸-减防,Buff-武器-精4索魂影眸-减防,1,300.0,1,False,True,"Weapon,Debuff,索魂影眸"
Buff-武器-精5索魂影眸-减防,Buff-武器-精5索魂影眸-减防,1,300.0,1,False,True,"Weapon,Debuff,索魂影眸"
Buff-武器-精1索魂影眸-魂锁,Buff-武器-精1索魂影眸-魂锁,3,720.0,1,True,True,"Weapon,索魂影眸"
Buff-武器-精2索魂影眸-魂锁,Buff-武器-精2索魂影眸-魂锁,3,720.0,1,True,True,"Weapon,索魂影眸"
Buff-武器-精3索魂影眸-魂锁,Buff-武器-精3索魂影眸-魂锁,3,720.0,1,True,True,"Weapon,索魂影眸"
Buff-武器-精4索魂影眸-魂锁,Buff-武器-精4索魂影眸-魂锁,3,720.0,1,True,True,"Weapon,索魂影眸"
Buff-武器-精5索魂影眸-魂锁,Buff-武器-精5索魂影眸-魂锁,3,720.0,1,True,True,"Weapon,索魂影眸"
Buff-武器-精1索魂影眸-冲击力,Buff-武器-精1索魂影眸-冲击力,1,999999.0,1,False,True,"Weapon,索魂影眸"
Buff-武器-精2索魂影眸-冲击力,Buff-武器-精2索魂影眸-冲击力,1,999999.0,1,False,True,"Weapon,索魂影眸"
Buff-武器-精3索魂影眸-冲击力,Buff-武器-精3索魂影眸-冲击力,1,999999.0,1,False,True,"Weapon,索魂影眸"
Buff-武器-精4索魂影眸-冲击力,Buff-武器-精4索魂影眸-冲击力,1,999999.0,1,False,True,"Weapon,索魂影眸"
Buff-武器-精5索魂影眸-冲击力,Buff-武器-精5索魂影眸-冲击力,1,999999.0,1,False,True,"Weapon,索魂影眸"
Buff-角色-柳-架势-上弦,Buff-角色-柳-架势-上弦,1,480.0,1,False,True,柳
Buff-角色-柳-架势-下弦,Buff-角色-柳-架势-下弦,1,480.0,1,False,True,柳
Buff-角色-柳-森罗万象,Buff-角色-柳-森罗万象,1,-1.0,1,False,False,
Buff-角色-柳-核心被动-紊乱倍率提升,Buff-角色-柳-核心被动-紊乱倍率提升,1,900.0,1,False,True,"Debuff,柳"
Buff-角色-柳-核心被动-电伤增幅,Buff-角色-柳-核心被动-电伤增幅,1,900.0,1,False,True,柳
Buff-角色-柳-额外能力-积蓄效率,Buff-角色-柳-额外能力-积蓄效率,1,480.0,1,False,True,"AdditionalAbility,柳"
Buff-角色-柳-极性紊乱触发器,Buff-角色-柳-极性紊乱触发器,1,0.0,1,False,True,柳
Buff-角色-柳-1画-洞悉,Buff-角色-柳-1画-洞悉,3,900.0,1,False,True,"Cinema,柳"
Buff-角色-柳-1画-精通增幅,Buff-角色-柳-1画-精通增幅,1,999999.0,1,False,True,"Cinema,柳"
1221_E_EX_1,Buff-角色-柳-2画-积蓄效率,1,0.0,1,False,True,"Cinema,柳"
Buff-角色-柳-4画-识破,Buff-角色-柳-4画-识破,1,900.0,1,False,True,"Debuff,Cinema,柳"
Buff-角色-柳-6画-特殊技伤害提升,Buff-角色-柳-6画-特殊技伤害提升,1,999999.0,1,False,True,"Cinema,柳"
Buff-角色-简-狂热状态触发器,Buff-角色-简-狂热状态触发器,1,999999.0,1,False,True,简
Buff-角色-简-狂热-物理积蓄效率提升,Buff-角色-简-狂热-物理积蓄效率提升,1,999999.0,1,False,True,简
Buff-角色-简-狂热-额外精通转攻击力,Buff-角色-简-狂热-额外精通转攻击力,300,999999.0,1,False,True,简
Buff-角色-简-核心被动-啮咬触发器,Buff-角色-简-核心被动-啮咬触发器,1,600.0,1,False,True,"Debuff,简"
Buff-角色-简-核心被动-啮咬-强击暴击率提升,Buff-角色-简-核心被动-啮咬-强击暴击率提升,100,600.0,1,False,True,"Debuff,简"
Buff-角色-简-核心被动-啮咬-强击暴击伤害提升,Buff-角色-简-核心被动-啮咬-强击暴击伤害提升,1,600.0,1,False,True,"Debuff,简"
Buff-角色-简-额外能力-物理异常积蓄效率提升,Buff-角色-简-额外能力-物理异常积蓄效率提升,1,0.0,1,False,True,"AdditionalAbility,简"
Buff-角色-简-额外能力-物理异常积蓄效率额外提升,Buff-角色-简-额外能力-物理异常积蓄效率额外提升,1,999999.0,1,False,True,"AdditionalAbility,简"
Buff-角色-简-1画-狂热物理异常积蓄效率额外提升,Buff-角色-简-1画-狂热物理异常积蓄效率额外提升,1,999999.0,1,False,True,"Cinema,简"
Buff-角色-简-1画-精通转增伤,Buff-角色-简-1画-精通转增伤,30,999999.0,1,False,True,"Debuff,Cinema,简"
Buff-角色-简-2画-啮咬-强击无视防御与暴击伤害提升,Buff-角色-简-2画-啮咬-强击无视防御与暴击伤害提升,1,600.0,1,False,True,"Debuff,Cinema,简"
Buff-角色-简-2画-啮咬-攻击无视防御,Buff-角色-简-2画-啮咬-攻击无视防御,1,600.0,1,False,True,"Cinema,简"
Buff-角色-简-4画-全队异常伤害提升,Buff-角色-简-4画-全队异常伤害提升,1,-1.0,1,False,False,
Buff-角色-简-6画-双暴提升,Buff-角色-简-6画-双暴提升,1,-1.0,1,False,False,
Buff-角色-简-6画-双暴提升,Buff-角色-简-6画-双暴提升,1,-1.0,1,False,False,
Buff-角色-简-6画-额外攻击触发器,Buff-角色-简-6画-额外攻击触发器,1,-1.0,1,False,False,
Buff-角色-薇薇安-协同攻击触发器,Buff-角色-薇薇安-协同攻击触发器,1,0.0,1,False,True,薇薇安
Buff-角色-薇薇安-羽毛结算触发器,Buff-角色-薇薇安-羽毛结算触发器,1,0.0,1,False,True,薇薇安
Buff-角色-薇薇安-核心被动触发器,Buff-角色-薇薇安-核心被动触发器,1,0.0,1,False,True,薇薇安
Buff-角色-薇薇安-预言触发器,Buff-角色-薇薇安-预言触发器,1,0.0,1,False,True,薇薇安
Buff-角色-薇薇安-额外能力-协同攻击触发器,Buff-角色-薇薇安-额外能力-协同攻击触发器,1,0.0,1,False,True,"AdditionalAbility,薇薇安"
Buff-角色-薇薇安-额外能力-全队侵蚀伤害增加,Buff-角色-薇薇安-额外能力-全队侵蚀伤害增加,1,0.0,1,False,True,"Debuff,AdditionalAbility,薇薇安"
Buff-角色-薇薇安-额外能力-侵蚀紊乱伤害提升,Buff-角色-薇薇安-额外能力-侵蚀紊乱伤害提升,1,0.0,1,False,True,"Debuff,AdditionalAbility,薇薇安"
Buff-角色-薇薇安-1画-全属性异常和紊乱伤害提升,Buff-角色-薇薇安-1画-全属性异常和紊乱伤害提升,1,999999.0,1,False,True,"Debuff,Cinema,薇薇安"
Buff-角色-薇薇安-2画-以太积蓄效率提升,Buff-角色-薇薇安-2画-以太积蓄效率提升,1,0.0,1,False,True,"Cinema,薇薇安"
Buff-角色-薇薇安-2画-异放全属性抗性穿透,Buff-角色-薇薇安-2画-异放全属性抗性穿透,1,0.0,1,False,True,"Debuff,Cinema,薇薇安"
Buff-角色-薇薇安-4画-悬落与落羽生花必暴,Buff-角色-薇薇安-4画-悬落与落羽生花必暴,1,0.0,1,False,True,"Cinema,薇薇安"
1331_SNA_2|1331_CoAttack_A,Buff-角色-薇薇安-4画-局内攻击力增幅,1,720.0,1,False,True,"Cinema,薇薇安"
Buff-角色-薇薇安-6画-以太伤害增加,Buff-角色-薇薇安-6画-以太伤害增加,1,0.0,1,False,True,"Cinema,薇薇安"
Buff-驱动盘-法厄同之歌-四件套-以太伤害提高,Buff-驱动盘-法厄同之歌-四件套-以太伤害提高,1,480.0,1,False,True,法厄同之歌
Buff-驱动盘-法厄同之歌-四件套-精通增幅,Buff-驱动盘-法厄同之歌-四件套-精通增幅,1,480.0,1,False,True,法厄同之歌
Buff-武器-精1飞鸟星梦-属性异常积蓄效率,Buff-武器-精1飞鸟星梦-属性异常积蓄效率,1,0.0,1,False,True,"Weapon,飞鸟星梦"
Buff-武器-精2飞鸟星梦-属性异常积蓄效率,Buff-武器-精2飞鸟星梦-属性异常积蓄效率,1,0.0,1,False,True,"Weapon,飞鸟星梦"
Buff-武器-精3飞鸟星梦-属性异常积蓄效率,Buff-武器-精3飞鸟星梦-属性异常积蓄效率,1,0.0,1,False,True,"Weapon,飞鸟星梦"
Buff-武器-精4飞鸟星梦-属性异常积蓄效率,Buff-武器-精4飞鸟星梦-属性异常积蓄效率,1,0.0,1,False,True,"Weapon,飞鸟星梦"
Buff-武器-精5飞鸟星梦-属性异常积蓄效率,Buff-武器-精5飞鸟星梦-属性异常积蓄效率,1,0.0,1,False,True,"Weapon,飞鸟星梦"
Buff-武器-精1飞鸟星梦-精通增幅,Buff-武器-精1飞鸟星梦-精通增幅,6,300.0,1,False,True,"Weapon,飞鸟星梦"
Buff-武器-精2飞鸟星梦-精通增幅,Buff-武器-精2飞鸟星梦-精通增幅,6,300.0,1,False,True,"Weapon,飞鸟星梦"
Buff-武器-精3飞鸟星梦-精通增幅,Buff-武器-精3飞鸟星梦-精通增幅,6,300.0,1,False,True,"Weapon,飞鸟星梦"
Buff-武器-精4飞鸟星梦-精通增幅,Buff-武器-精4飞鸟星梦-精通增幅,6,300.0,1,False,True,"Weapon,飞鸟星梦"
Buff-武器-精5飞鸟星梦-精通增幅,Buff-武器-精5飞鸟星梦-精通增幅,6,300.0,1,False,True,"Weapon,飞鸟星梦"
Buff-武器-精1时流贤者-电积蓄效率提升,Buff-武器-精1时流贤者-电积蓄效率提升,1,0.0,1,False,True,"Weapon,时流贤者"
Buff-武器-精2时流贤者-电积蓄效率提升,Buff-武器-精2时流贤者-电积蓄效率提升,1,0.0,1,False,True,"Weapon,时流贤者"
Buff-武器-精3时流贤者-电积蓄效率提升,Buff-武器-精3时流贤者-电积蓄效率提升,1,0.0,1,False,True,"Weapon,时流贤者"
Buff-武器-精4时流贤者-电积蓄效率提升,Buff-武器-精4时流贤者-电积蓄效率提升,1,0.0,1,False,True,"Weapon,时流贤者"
Buff-武器-精5时流贤者-电积蓄效率提升,Buff-武器-精5时流贤者-电积蓄效率提升,1,0.0,1,False,True,"Weapon,时流贤者"
Buff-武器-精1时流贤者-精通提升,Buff-武器-精1时流贤者-精通提升,1,900.0,1,False,True,"Weapon,时流贤者"
Buff-武器-精2时流贤者-精通提升,Buff-武器-精2时流贤者-精通提升,1,900.0,1,False,True,"Weapon,时流贤者"
Buff-武器-精3时流贤者-精通提升,Buff-武器-精3时流贤者-精通提升,1,900.0,1,False,True,"Weapon,时流贤者"
Buff-武器-精4时流贤者-精通提升,Buff-武器-精4时流贤者-精通提升,1,900.0,1,False,True,"Weapon,时流贤者"
Buff-武器-精5时流贤者-精通提升,Buff-武器-精5时流贤者-精通提升,1,900.0,1,False,True,"Weapon,时流贤者"
Buff-武器-精1时流贤者-装备者紊乱伤害提升,Buff-武器-精1时流贤者-装备者紊乱伤害提升,1,999999.0,1,False,True,"Weapon,时流贤者"
Buff-武器-精2时流贤者-装备者紊乱伤害提升,Buff-武器-精2时流贤者-装备者紊乱伤害提升,1,999999.0,1,False,True,"Weapon,时流贤者"
Buff-武器-精3时流贤者-装备者紊乱伤害提升,Buff-武器-精3时流贤者-装备者紊乱伤害提升,1,999999.0,1,False,True,"Weapon,时流贤者"
Buff-武器-精4时流贤者-装备者紊乱伤害提升,Buff-武器-精4时流贤者-装备者紊乱伤害提升,1,999999.0,1,False,True,"Weapon,时流贤者"
Buff-武器-精5时流贤者-装备者紊乱伤害提升,Buff-武器-精5时流贤者-装备者紊乱伤害提升,1,999999.0,1,False,True,"Weapon,时流贤者"
Buff-武器-精1淬锋钳刺-猎意,Buff-武器-精1淬锋钳刺-猎意,3,600.0,1,False,True,"Weapon,淬锋钳刺"
Buff-武器-精2淬锋钳刺-猎意,Buff-武器-精2淬锋钳刺-猎意,3,600.0,1,False,True,"Weapon,淬锋钳刺"
Buff-武器-精3淬锋钳刺-猎意,Buff-武器-精3淬锋钳刺-猎意,3,600.0,1,False,True,"Weapon,淬锋钳刺"
Buff-武器-精4淬锋钳刺-猎意,Buff-武器-精4淬锋钳刺-猎意,3,600.0,1,False,True,"Weapon,淬锋钳刺"
Buff-武器-精5淬锋钳刺-猎意,Buff-武器-精5淬锋钳刺-猎意,3,600.0,1,False,True,"Weapon,淬锋钳刺"
Buff-武器-精1淬锋钳刺-属性异常积蓄效率提升,Buff-武器-精1淬锋钳刺-属性异常积蓄效率提升,1,999999.0,1,False,True,"Weapon,淬锋钳刺"
Buff-武器-精2淬锋钳刺-属性异常积蓄效率提升,Buff-武器-精2淬锋钳刺-属性异常积蓄效率提升,1,999999.0,1,False,True,"Weapon,淬锋钳刺"
Buff-武器-精3淬锋钳刺-属性异常积蓄效率提升,Buff-武器-精3淬锋钳刺-属性异常积蓄效率提升,1,999999.0,1,False,True,"Weapon,淬锋钳刺"
Buff-武器-精4淬锋钳刺-属性异常积蓄效率提升,Buff-武器-精4淬锋钳刺-属性异常积蓄效率提升,1,999999.0,1,False,True,"Weapon,淬锋钳刺"
Buff-武器-精5淬锋钳刺-属性异常积蓄效率提升,Buff-武器-精5淬锋钳刺-属性异常积蓄效率提升,1,999999.0,1,False,True,"Weapon,淬锋钳刺"
Buff-武器-精1玲珑妆匣-回能,Buff-武器-精1玲珑妆匣-回能,1,0.0,1,False,True,"Weapon,玲珑妆匣"
Buff-武器-精2玲珑妆匣-回能,Buff-武器-精2玲珑妆匣-回能,1,0.0,1,False,True,"Weapon,玲珑妆匣"
Buff-武器-精3玲珑妆匣-回能,Buff-武器-精3玲珑妆匣-回能,1,0.0,1,False,True,"Weapon,玲珑妆匣"
Buff-武器-精4玲珑妆匣-回能,Buff-武器-精4玲珑妆匣-回能,1,0.0,1,False,True,"Weapon,玲珑妆匣"
Buff-武器-精5玲珑妆匣-回能,Buff-武器-精5玲珑妆匣-回能,1,0.0,1,False,True,"Weapon,玲珑妆匣"
Buff-武器-精1玲珑妆匣-全队增伤,Buff-武器-精1玲珑妆匣-全队增伤,2,1200.0,1,False,True,"Weapon,玲珑妆匣"
Buff-武器-精2玲珑妆匣-全队增伤,Buff-武器-精2玲珑妆匣-全队增伤,2,1200.0,1,False,True,"Weapon,玲珑妆匣"
Buff-武器-精3玲珑妆匣-全队增伤,Buff-武器-精3玲珑妆匣-全队增伤,2,1200.0,1,False,True,"Weapon,玲珑妆匣"
Buff-武器-精4玲珑妆匣-全队增伤,Buff-武器-精4玲珑妆匣-全队增伤,2,1200.0,1,False,True,"Weapon,玲珑妆匣"
Buff-武器-精5玲珑妆匣-全队增伤,Buff-武器-精5玲珑妆匣-全队增伤,2,1200.0,1,False,True,"Weapon,玲珑妆匣"
Buff-武器-精1雨林饕客-局内攻击力,Buff-武器-精1雨林饕客-局内攻击力,10,600.0,1,True,True,"Weapon,雨林饕客"
Buff-武器-精2雨林饕客-局内攻击力,Buff-武器-精2雨林饕客-局内攻击力,10,600.0,1,True,True,"Weapon,雨林饕客"
Buff-武器-精3雨林饕客-局内攻击力,Buff-武器-精3雨林饕客-局内攻击力,10,600.0,1,True,True,"Weapon,雨林饕客"
Buff-武器-精4雨林饕客-局内攻击力,Buff-武器-精4雨林饕客-局内攻击力,10,600.0,1,True,True,"Weapon,雨林饕客"
Buff-武器-精5雨林饕客-局内攻击力,Buff-武器-精5雨林饕客-局内攻击力,10,600.0,1,True,True,"Weapon,雨林饕客"
Buff-武器-精1双生泣星-精通增幅,Buff-武器-精1双生泣星-精通增幅,4,999999.0,1,True,True,"Weapon,双生泣星"
Buff-武器-精2双生泣星-精通增幅,Buff-武器-精2双生泣星-精通增幅,4,999999.0,1,True,True,"Weapon,双生泣星"
Buff-武器-精3双生泣星-精通增幅,Buff-武器-精3双生泣星-精通增幅,4,999999.0,1,True,True,"Weapon,双生泣星"
Buff-武器-精4双生泣星-精通增幅,Buff-武器-精4双生泣星-精通增幅,4,999999.0,1,True,True,"Weapon,双生泣星"
Buff-武器-精5双生泣星-精通增幅,Buff-武器-精5双生泣星-精通增幅,4,999999.0,1,True,True,"Weapon,双生泣星"
Buff-武器-精1触电唇彩-攻击力与增伤,Buff-武器-精1触电唇彩-攻击力与增伤,1,999999.0,1,False,True,"Weapon,触电唇彩"
Buff-武器-精2触电唇彩-攻击力与增伤,Buff-武器-精2触电唇彩-攻击力与增伤,1,999999.0,1,False,True,"Weapon,触电唇彩"
Buff-武器-精3触电唇彩-攻击力与增伤,Buff-武器-精3触电唇彩-攻击力与增伤,1,999999.0,1,False,True,"Weapon,触电唇彩"
Buff-武器-精4触电唇彩-攻击力与增伤,Buff-武器-精4触电唇彩-攻击力与增伤,1,999999.0,1,False,True,"Weapon,触电唇彩"
Buff-武器-精5触电唇彩-攻击力与增伤,Buff-武器-精5触电唇彩-攻击力与增伤,1,999999.0,1,False,True,"Weapon,触电唇彩"
Buff-武器-精1轰鸣座驾-触发器,Buff-武器-精1轰鸣座驾-触发器,1,1.0,1,False,True,"Weapon,轰鸣座驾"
Buff-武器-精2轰鸣座驾-触发器,Buff-武器-精2轰鸣座驾-触发器,1,1.0,1,False,True,"Weapon,轰鸣座驾"
Buff-武器-精3轰鸣座驾-触发器,Buff-武器-精3轰鸣座驾-触发器,1,1.0,1,False,True,"Weapon,轰鸣座驾"
Buff-武器-精4轰鸣座驾-触发器,Buff-武器-精4轰鸣座驾-触发器,1,1.0,1,False,True,"Weapon,轰鸣座驾"
Buff-武器-精5轰鸣座驾-触发器,Buff-武器-精5轰鸣座驾-触发器,1,1.0,1,False,True,"Weapon,轰鸣座驾"
Buff-武器-精1轰鸣座驾-攻击力,Buff-武器-精1轰鸣座驾-攻击力,1,300.0,1,False,True,"Weapon,轰鸣座驾"
Buff-武器-精2轰鸣座驾-攻击力,Buff-武器-精2轰鸣座驾-攻击力,1,300.0,1,False,True,"Weapon,轰鸣座驾"
Buff-武器-精3轰鸣座驾-攻击力,Buff-武器-精3轰鸣座驾-攻击力,1,300.0,1,False,True,"Weapon,轰鸣座驾"
Buff-武器-精4轰鸣座驾-攻击力,Buff-武器-精4轰鸣座驾-攻击力,1,300.0,1,False,True,"Weapon,轰鸣座驾"
Buff-武器-精5轰鸣座驾-攻击力,Buff-武器-精5轰鸣座驾-攻击力,1,300.0,1,False,True,"Weapon,轰鸣座驾"
Buff-武器-精1轰鸣座驾-精通提升,Buff-武器-精1轰鸣座驾-精通提升,1,300.0,1,False,True,"Weapon,轰鸣座驾"
Buff-武器-精2轰鸣座驾-精通提升,Buff-武器-精2轰鸣座驾-精通提升,1,300.0,1,False,True,"Weapon,轰鸣座驾"
Buff-武器-精3轰鸣座驾-精通提升,Buff-武器-精3轰鸣座驾-精通提升,1,300.0,1,False,True,"Weapon,轰鸣座驾"
Buff-武器-精4轰鸣座驾-精通提升,Buff-武器-精4轰鸣座驾-精通提升,1,300.0,1,False,True,"Weapon,轰鸣座驾"
Buff-武器-精5轰鸣座驾-精通提升,Buff-武器-精5轰鸣座驾-精通提升,1,300.0,1,False,True,"Weapon,轰鸣座驾"
Buff-武器-精1轰鸣座驾-属性异常积蓄,Buff-武器-精1轰鸣座驾-属性异常积蓄,1,300.0,1,False,True,"Weapon,轰鸣座驾"
Buff-武器-精2轰鸣座驾-属性异常积蓄,Buff-武器-精2轰鸣座驾-属性异常积蓄,1,300.0,1,False,True,"Weapon,轰鸣座驾"
Buff-武器-精3轰鸣座驾-属性异常积蓄,Buff-武器-精3轰鸣座驾-属性异常积蓄,1,300.0,1,False,True,"Weapon,轰鸣座驾"
Buff-武器-精4轰鸣座驾-属性异常积蓄,Buff-武器-精4轰鸣座驾-属性异常积蓄,1,300.0,1,False,True,"Weapon,轰鸣座驾"
Buff-武器-精5轰鸣座驾-属性异常积蓄,Buff-武器-精5轰鸣座驾-属性异常积蓄,1,300.0,1,False,True,"Weapon,轰鸣座驾"
Buff-武器-精1「电磁暴」-壹式-异常掌控,Buff-武器-精1「电磁暴」-壹式-异常掌控,1,600.0,1,False,True,"Weapon,「电磁暴」-壹式"
Buff-武器-精2「电磁暴」-壹式-异常掌控,Buff-武器-精2「电磁暴」-壹式-异常掌控,1,600.0,1,False,True,"Weapon,「电磁暴」-壹式"
Buff-武器-精3「电磁暴」-壹式-异常掌控,Buff-武器-精3「电磁暴」-壹式-异常掌控,1,600.0,1,False,True,"Weapon,「电磁暴」-壹式"
Buff-武器-精4「电磁暴」-壹式-异常掌控,Buff-武器-精4「电磁暴」-壹式-异常掌控,1,600.0,1,False,True,"Weapon,「电磁暴」-壹式"
Buff-武器-精5「电磁暴」-壹式-异常掌控,Buff-武器-精5「电磁暴」-壹式-异常掌控,1,600.0,1,False,True,"Weapon,「电磁暴」-壹式"
Buff-武器-精1「电磁暴」-贰式-异常精通,Buff-武器-精1「电磁暴」-贰式-异常精通,1,600.0,1,False,True,"Weapon,「电磁暴」-贰式"
Buff-武器-精2「电磁暴」-贰式-异常精通,Buff-武器-精2「电磁暴」-贰式-异常精通,1,600.0,1,False,True,"Weapon,「电磁暴」-贰式"
Buff-武器-精3「电磁暴」-贰式-异常精通,Buff-武器-精3「电磁暴」-贰式-异常精通,1,600.0,1,False,True,"Weapon,「电磁暴」-贰式"
Buff-武器-精4「电磁暴」-贰式-异常精通,Buff-武器-精4「电磁暴」-贰式-异常精通,1,600.0,1,False,True,"Weapon,「电磁暴」-贰式"
Buff-武器-精5「电磁暴」-贰式-异常精通,Buff-武器-精5「电磁暴」-贰式-异常精通,1,600.0,1,False,True,"Weapon,「电磁暴」-贰式"
Buff-武器-精1「电磁暴」-叁式-回能,Buff-武器-精1「电磁暴」-叁式-回能,1,0.0,1,False,True,"Weapon,「电磁暴」-叁式"
Buff-武器-精2「电磁暴」-叁式-回能,Buff-武器-精2「电磁暴」-叁式-回能,1,0.0,1,False,True,"Weapon,「电磁暴」-叁式"
Buff-武器-精3「电磁暴」-叁式-回能,Buff-武器-精3「电磁暴」-叁式-回能,1,0.0,1,False,True,"Weapon,「电磁暴」-叁式"
Buff-武器-精4「电磁暴」-叁式-回能,Buff-武器-精4「电磁暴」-叁式-回能,1,0.0,1,False,True,"Weapon,「电磁暴」-叁式"
Buff-武器-精5「电磁暴」-叁式-回能,Buff-武器-精5「电磁暴」-叁式-回能,1,0.0,1,False,True,"Weapon,「电磁暴」-叁式"
Buff-角色-雨果-核心被动-暗渊回响,Buff-角色-雨果-核心被动-暗渊回响,1,360.0,1,False,True,雨果
Buff-角色-雨果-核心被动-单击破攻击力,Buff-角色-雨果-核心被动-单击破攻击力,1,999999.0,1,False,True,雨果
Buff-角色-雨果-核心被动-双击破攻击力,Buff-角色-雨果-核心被动-双击破攻击力,1,999999.0,1,False,True,雨果
Buff-角色-雨果-决算触发器,Buff-角色-雨果-决算触发器,1,0.0,1,False,True,雨果
Buff-角色-雨果-决算倍率增幅,Buff-角色-雨果-决算倍率增幅,5000,1.0,1,False,True,雨果
Buff-角色-雨果-核心被动-强化E失衡值提升,Buff-角色-雨果-核心被动-强化E失衡值提升,1,0.0,1,False,True,雨果
Buff-角色-雨果-额外能力-连携技伤害提升,Buff-角色-雨果-额外能力-连携技伤害提升,1,0.0,1,False,True,"AdditionalAbility,雨果"
Buff-角色-雨果-额外能力-连携技对普通敌人伤害提升,Buff-角色-雨果-额外能力-连携技对普通敌人伤害提升,1,0.0,1,False,True,"AdditionalAbility,雨果"
Buff-角色-雨果-额外能力-决算招式增伤,Buff-角色-雨果-额外能力-决算招式增伤,1,0.0,1,False,True,"AdditionalAbility,雨果"
Buff-角色-雨果-额外能力-强化E回能触发器,Buff-角色-雨果-额外能力-强化E回能触发器,1,0.0,1,False,True,"AdditionalAbility,雨果"
Buff-角色-雨果-1画-决算招式双暴增幅,Buff-角色-雨果-1画-决算招式双暴增幅,1,1.0,1,False,True,"Cinema,雨果"
Buff-角色-雨果-2画-决算招式无视防御力,Buff-角色-雨果-2画-决算招式无视防御力,1,1.0,1,False,True,"Cinema,雨果"
1291_SNA_2_FC|1291_SCA_FC|1291_NA_A_FC|1291_BH_Aid_A_FC|1291_SNA_2_NFC|1291_SCA|1291_NA_A|1291_BH_Aid_A,Buff-角色-雨果-4画-蓄力射击减冰抗,1,900.0,1,False,True,"Cinema,雨果"
Buff-角色-雨果-6画-决算招式增伤,Buff-角色-雨果-6画-决算招式增伤,1,1.0,1,False,True,"Cinema,雨果"
Buff-武器-精1千面日陨-常驻暴伤,Buff-武器-精1千面日陨-常驻暴伤,1,0.0,1,False,True,"Weapon,千面日陨"
Buff-武器-精2千面日陨-常驻暴伤,Buff-武器-精2千面日陨-常驻暴伤,1,0.0,1,False,True,"Weapon,千面日陨"
Buff-武器-精3千面日陨-常驻暴伤,Buff-武器-精3千面日陨-常驻暴伤,1,0.0,1,False,True,"Weapon,千面日陨"
Buff-武器-精4千面日陨-常驻暴伤,Buff-武器-精4千面日陨-常驻暴伤,1,0.0,1,False,True,"Weapon,千面日陨"
Buff-武器-精5千面日陨-常驻暴伤,Buff-武器-精5千面日陨-常驻暴伤,1,0.0,1,False,True,"Weapon,千面日陨"
Buff-武器-精1千面日陨-零度处刑,Buff-武器-精1千面日陨-零度处刑,1,180.0,1,False,True,"Weapon,千面日陨"
Buff-武器-精2千面日陨-零度处刑,Buff-武器-精2千面日陨-零度处刑,1,180.0,1,False,True,"Weapon,千面日陨"
Buff-武器-精3千面日陨-零度处刑,Buff-武器-精3千面日陨-零度处刑,1,180.0,1,False,True,"Weapon,千面日陨"
Buff-武器-精4千面日陨-零度处刑,Buff-武器-精4千面日陨-零度处刑,1,180.0,1,False,True,"Weapon,千面日陨"
Buff-武器-精5千面日陨-零度处刑,Buff-武器-精5千面日陨-零度处刑,1,180.0,1,False,True,"Weapon,千面日陨"
Buff-武器-精1钢铁肉垫-常驻物理伤,Buff-武器-精1钢铁肉垫-常驻物理伤,1,0.0,1,False,True,"Weapon,钢铁肉垫"
Buff-武器-精2钢铁肉垫-常驻物理伤,Buff-武器-精2钢铁肉垫-常驻物理伤,1,0.0,1,False,True,"Weapon,钢铁肉垫"
Buff-武器-精3钢铁肉垫-常驻物理伤,Buff-武器-精3钢铁肉垫-常驻物理伤,1,0.0,1,False,True,"Weapon,钢铁肉垫"
Buff-武器-精4钢铁肉垫-常驻物理伤,Buff-武器-精4钢铁肉垫-常驻物理伤,1,0.0,1,False,True,"Weapon,钢铁肉垫"
Buff-武器-精5钢铁肉垫-常驻物理伤,Buff-武器-精5钢铁肉垫-常驻物理伤,1,0.0,1,False,True,"Weapon,钢铁肉垫"
Buff-武器-精1钢铁肉垫-背击增伤,Buff-武器-精1钢铁肉垫-背击增伤,1,0.0,1,False,True,"Weapon,钢铁肉垫"
Buff-武器-精2钢铁肉垫-背击增伤,Buff-武器-精2钢铁肉垫-背击增伤,1,0.0,1,False,True,"Weapon,钢铁肉垫"
Buff-武器-精3钢铁肉垫-背击增伤,Buff-武器-精3钢铁肉垫-背击增伤,1,0.0,1,False,True,"Weapon,钢铁肉垫"
Buff-武器-精4钢铁肉垫-背击增伤,Buff-武器-精4钢铁肉垫-背击增伤,1,0.0,1,False,True,"Weapon,钢铁肉垫"
Buff-武器-精5钢铁肉垫-背击增伤,Buff-武器-精5钢铁肉垫-背击增伤,1,0.0,1,False,True,"Weapon,钢铁肉垫"
Buff-武器-精1街头巨星-终结技增伤,Buff-武器-精1街头巨星-终结技增伤,3,999999.0,1,False,True,"Weapon,街头巨星"
Buff-武器-精2街头巨星-终结技增伤,Buff-武器-精2街头巨星-终结技增伤,3,999999.0,1,False,True,"Weapon,街头巨星"
Buff-武器-精3街头巨星-终结技增伤,Buff-武器-精3街头巨星-终结技增伤,3,999999.0,1,False,True,"Weapon,街头巨星"
Buff-武器-精4街头巨星-终结技增伤,Buff-武器-精4街头巨星-终结技增伤,3,999999.0,1,False,True,"Weapon,街头巨星"
Buff-武器-精5街头巨星-终结技增伤,Buff-武器-精5街头巨星-终结技增伤,3,999999.0,1,False,True,"Weapon,街头巨星"
Buff-武器-精1鎏金花信-局内攻击和强化E增伤,Buff-武器-精1鎏金花信-局内攻击和强化E增伤,1,0.0,1,False,True,"Weapon,鎏金花信"
Buff-武器-精2鎏金花信-局内攻击和强化E增伤,Buff-武器-精2鎏金花信-局内攻击和强化E增伤,1,0.0,1,False,True,"Weapon,鎏金花信"
Buff-武器-精3鎏金花信-局内攻击和强化E增伤,Buff-武器-精3鎏金花信-局内攻击和强化E增伤,1,0.0,1,False,True,"Weapon,鎏金花信"
Buff-武器-精4鎏金花信-局内攻击和强化E增伤,Buff-武器-精4鎏金花信-局内攻击和强化E增伤,1,0.0,1,False,True,"Weapon,鎏金花信"
Buff-武器-精5鎏金花信-局内攻击和强化E增伤,Buff-武器-精5鎏金花信-局内攻击和强化E增伤,1,0.0,1,False,True,"Weapon,鎏金花信"
Buff-武器-精1强音热望-攻击力加成,Buff-武器-精1强音热望-攻击力加成,1,480.0,1,False,True,"Weapon,强音热望"
Buff-武器-精2强音热望-攻击力加成,Buff-武器-精2强音热望-攻击力加成,1,480.0,1,False,True,"Weapon,强音热望"
Buff-武器-精3强音热望-攻击力加成,Buff-武器-精3强音热望-攻击力加成,1,480.0,1,False,True,"Weapon,强音热望"
Buff-武器-精4强音热望-攻击力加成,Buff-武器-精4强音热望-攻击力加成,1,480.0,1,False,True,"Weapon,强音热望"
Buff-武器-精5强音热望-攻击力加成,Buff-武器-精5强音热望-攻击力加成,1,480.0,1,False,True,"Weapon,强音热望"
Buff-武器-精1强音热望-额外攻击力加成,Buff-武器-精1强音热望-额外攻击力加成,1,480.0,1,False,True,"Weapon,强音热望"
Buff-武器-精2强音热望-额外攻击力加成,Buff-武器-精2强音热望-额外攻击力加成,1,480.0,1,False,True,"Weapon,强音热望"
Buff-武器-精3强音热望-额外攻击力加成,Buff-武器-精3强音热望-额外攻击力加成,1,480.0,1,False,True,"Weapon,强音热望"
Buff-武器-精4强音热望-额外攻击力加成,Buff-武器-精4强音热望-额外攻击力加成,1,480.0,1,False,True,"Weapon,强音热望"
Buff-武器-精5强音热望-额外攻击力加成,Buff-武器-精5强音热望-额外攻击力加成,1,480.0,1,False,True,"Weapon,强音热望"
Buff-武器-精1加农转子-常驻攻击力,Buff-武器-精1加农转子-常驻攻击力,1,0.0,1,False,True,"Weapon,加农转子"
Buff-武器-精2加农转子-常驻攻击力,Buff-武器-精2加农转子-常驻攻击力,1,0.0,1,False,True,"Weapon,加农转子"
Buff-武器-精3加农转子-常驻攻击力,Buff-武器-精3加农转子-常驻攻击力,1,0.0,1,False,True,"Weapon,加农转子"
Buff-武器-精4加农转子-常驻攻击力,Buff-武器-精4加农转子-常驻攻击力,1,0.0,1,False,True,"Weapon,加农转子"
Buff-武器-精5加农转子-常驻攻击力,Buff-武器-精5加农转子-常驻攻击力,1,0.0,1,False,True,"Weapon,加农转子"
Buff-武器-精1加农转子-附加伤害触发器,Buff-武器-精1加农转子-附加伤害触发器,1,0.0,1,False,True,"Weapon,加农转子"
Buff-武器-精2加农转子-附加伤害触发器,Buff-武器-精2加农转子-附加伤害触发器,1,0.0,1,False,True,"Weapon,加农转子"
Buff-武器-精3加农转子-附加伤害触发器,Buff-武器-精3加农转子-附加伤害触发器,1,0.0,1,False,True,"Weapon,加农转子"
Buff-武器-精4加农转子-附加伤害触发器,Buff-武器-精4加农转子-附加伤害触发器,1,0.0,1,False,True,"Weapon,加农转子"
Buff-武器-精5加农转子-附加伤害触发器,Buff-武器-精5加农转子-附加伤害触发器,1,0.0,1,False,True,"Weapon,加农转子"
Buff-武器-精1「月相」-望-增伤,Buff-武器-精1「月相」-望-增伤,1,0.0,1,False,True,"Weapon,「月相」-望"
Buff-武器-精2「月相」-望-增伤,Buff-武器-精2「月相」-望-增伤,1,0.0,1,False,True,"Weapon,「月相」-望"
Buff-武器-精3「月相」-望-增伤,Buff-武器-精3「月相」-望-增伤,1,0.0,1,False,True,"Weapon,「月相」-望"
Buff-武器-精4「月相」-望-增伤,Buff-武器-精4「月相」-望-增伤,1,0.0,1,False,True,"Weapon,「月相」-望"
Buff-武器-精5「月相」-望-增伤,Buff-武器-精5「月相」-望-增伤,1,0.0,1,False,True,"Weapon,「月相」-望"
Buff-武器-精1「月相」-晦-增伤,Buff-武器-精1「月相」-晦-增伤,1,0.0,1,False,True,"Weapon,「月相」-晦"
Buff-武器-精2「月相」-晦-增伤,Buff-武器-精2「月相」-晦-增伤,1,0.0,1,False,True,"Weapon,「月相」-晦"
Buff-武器-精3「月相」-晦-增伤,Buff-武器-精3「月相」-晦-增伤,1,0.0,1,False,True,"Weapon,「月相」-晦"
Buff-武器-精4「月相」-晦-增伤,Buff-武器-精4「月相」-晦-增伤,1,0.0,1,False,True,"Weapon,「月相」-晦"
Buff-武器-精5「月相」-晦-增伤,Buff-武器-精5「月相」-晦-增伤,1,0.0,1,False,True,"Weapon,「月相」-晦"
Buff-武器-精1「月相」-朔-回能触发器,Buff-武器-精1「月相」-朔-回能触发器,1,0.0,1,False,True,"Weapon,「月相」-朔"
Buff-武器-精2「月相」-朔-回能触发器,Buff-武器-精2「月相」-朔-回能触发器,1,0.0,1,False,True,"Weapon,「月相」-朔"
Buff-武器-精3「月相」-朔-回能触发器,Buff-武器-精3「月相」-朔-回能触发器,1,0.0,1,False,True,"Weapon,「月相」-朔"
Buff-武器-精4「月相」-朔-回能触发器,Buff-武器-精4「月相」-朔-回能触发器,1,0.0,1,False,True,"Weapon,「月相」-朔"
Buff-武器-精5「月相」-朔-回能触发器,Buff-武器-精5「月相」-朔-回能触发器,1,0.0,1,False,True,"Weapon,「月相」-朔"
Buff-角色-仪玄-回能事件组触发器,Buff-角色-仪玄-回能事件组触发器,1,0.0,1,False,True,废弃
1371_SNA_B_1|1371_SNA_B_2|1371_E_EX_A_1_NFC|1371_E_EX_A_1_FC|1371_E_EX_B_2|1371_E_EX_A_2|1371_E_EX_A_1_Add|1371_E_EX_A_3|1371_E_EX_B_1|1371_E_EX_B_3|1371_Assault_Aid|1371_QTE|1371_Q|1371_Q_A|1371_E_EX_A_1_FCT,Buff-角色-仪玄-核心被动-技能增伤,1,0.0,1,False,True,仪玄
Buff-角色-仪玄-额外能力-对失衡敌人增伤,Buff-角色-仪玄-额外能力-对失衡敌人增伤,1,0.0,1,False,True,"AdditionalAbility,仪玄"
Buff-角色-仪玄-额外能力-暴伤提升,Buff-角色-仪玄-额外能力-暴伤提升,1,900.0,1,False,True,"AdditionalAbility,仪玄"
Buff-角色-仪玄-1画-暴击率提升,Buff-角色-仪玄-1画-暴击率提升,1,0.0,1,False,True,"Cinema,仪玄"
Buff-角色-仪玄-1画-落雷触发器,Buff-角色-仪玄-1画-落雷触发器,1,0.0,1,False,True,"Cinema,仪玄"
Buff-角色-仪玄-2画-强化E与终结技无视以太抗,Buff-角色-仪玄-2画-强化E与终结技无视以太抗,1,0.0,1,False,True,"Cinema,仪玄"
Buff-角色-仪玄-2画-失衡时间提升,Buff-角色-仪玄-2画-失衡时间提升,1,999999.0,1,False,True,"Debuff,Cinema,仪玄"
Buff-角色-仪玄-4画-静心,Buff-角色-仪玄-4画-静心,2,999999.0,1,False,True,"Cinema,仪玄"
Buff-角色-仪玄-6画-贯穿伤害提高,Buff-角色-仪玄-6画-贯穿伤害提高,1,900.0,1,False,True,"Cinema,仪玄"
Buff-武器-精1青溟笼舍-暴击率提升,Buff-武器-精1青溟笼舍-暴击率提升,1,0.0,1,False,True,"Weapon,青溟笼舍"
Buff-武器-精2青溟笼舍-暴击率提升,Buff-武器-精2青溟笼舍-暴击率提升,1,0.0,1,False,True,"Weapon,青溟笼舍"
Buff-武器-精3青溟笼舍-暴击率提升,Buff-武器-精3青溟笼舍-暴击率提升,1,0.0,1,False,True,"Weapon,青溟笼舍"
Buff-武器-精4青溟笼舍-暴击率提升,Buff-武器-精4青溟笼舍-暴击率提升,1,0.0,1,False,True,"Weapon,青溟笼舍"
Buff-武器-精5青溟笼舍-暴击率提升,Buff-武器-精5青溟笼舍-暴击率提升,1,0.0,1,False,True,"Weapon,青溟笼舍"
Buff-武器-精1青溟笼舍-以太伤害提升,Buff-武器-精1青溟笼舍-以太伤害提升,2,900.0,1,False,True,"Weapon,青溟笼舍"
Buff-武器-精2青溟笼舍-以太伤害提升,Buff-武器-精2青溟笼舍-以太伤害提升,2,900.0,1,False,True,"Weapon,青溟笼舍"
Buff-武器-精3青溟笼舍-以太伤害提升,Buff-武器-精3青溟笼舍-以太伤害提升,2,900.0,1,False,True,"Weapon,青溟笼舍"
Buff-武器-精4青溟笼舍-以太伤害提升,Buff-武器-精4青溟笼舍-以太伤害提升,2,900.0,1,False,True,"Weapon,青溟笼舍"
Buff-武器-精5青溟笼舍-以太伤害提升,Buff-武器-精5青溟笼舍-以太伤害提升,2,900.0,1,False,True,"Weapon,青溟笼舍"
Buff-武器-精1青溟笼舍-贯穿伤害提升,Buff-武器-精1青溟笼舍-贯穿伤害提升,2,900.0,1,False,True,"Weapon,青溟笼舍"
Buff-武器-精2青溟笼舍-贯穿伤害提升,Buff-武器-精2青溟笼舍-贯穿伤害提升,2,900.0,1,False,True,"Weapon,青溟笼舍"
Buff-武器-精3青溟笼舍-贯穿伤害提升,Buff-武器-精3青溟笼舍-贯穿伤害提升,2,900.0,1,False,True,"Weapon,青溟笼舍"
Buff-武器-精4青溟笼舍-贯穿伤害提升,Buff-武器-精4青溟笼舍-贯穿伤害提升,2,900.0,1,False,True,"Weapon,青溟笼舍"
Buff-武器-精5青溟笼舍-贯穿伤害提升,Buff-武器-精5青溟笼舍-贯穿伤害提升,2,900.0,1,False,True,"Weapon,青溟笼舍"
Buff-驱动盘-云岿如我-四件套-暴击率提升,Buff-驱动盘-云岿如我-四件套-暴击率提升,3,900.0,1,False,True,云岿如我
Buff-驱动盘-云岿如我-四件套-贯穿伤害提升,Buff-驱动盘-云岿如我-四件套-贯穿伤害提升,1,999999.0,1,False,True,云岿如我
Buff-武器-精1幻变魔方-爆伤提升,Buff-武器-精1幻变魔方-爆伤提升,1,720.0,1,False,True,"Weapon,幻变魔方"
Buff-武器-精2幻变魔方-爆伤提升,Buff-武器-精2幻变魔方-爆伤提升,1,720.0,1,False,True,"Weapon,幻变魔方"
Buff-武器-精3幻变魔方-爆伤提升,Buff-武器-精3幻变魔方-爆伤提升,1,720.0,1,False,True,"Weapon,幻变魔方"
Buff-武器-精4幻变魔方-爆伤提升,Buff-武器-精4幻变魔方-爆伤提升,1,720.0,1,False,True,"Weapon,幻变魔方"
Buff-武器-精5幻变魔方-爆伤提升,Buff-武器-精5幻变魔方-爆伤提升,1,720.0,1,False,True,"Weapon,幻变魔方"
Buff-武器-精1幻变魔方-强化E增伤,Buff-武器-精1幻变魔方-强化E增伤,1,720.0,1,False,True,"Weapon,幻变魔方"
Buff-武器-精2幻变魔方-强化E增伤,Buff-武器-精2幻变魔方-强化E增伤,1,720.0,1,False,True,"Weapon,幻变魔方"
Buff-武器-精3幻变魔方-强化E增伤,Buff-武器-精3幻变魔方-强化E增伤,1,720.0,1,False,True,"Weapon,幻变魔方"
Buff-武器-精4幻变魔方-强化E增伤,Buff-武器-精4幻变魔方-强化E增伤,1,720.0,1,False,True,"Weapon,幻变魔方"
Buff-武器-精5幻变魔方-强化E增伤,Buff-武器-精5幻变魔方-强化E增伤,1,720.0,1,False,True,"Weapon,幻变魔方"
Buff-武器-精1电波漫步-贯穿力提升,Buff-武器-精1电波漫步-贯穿力提升,3,720.0,1,True,True,"Weapon,电波漫步"
Buff-武器-精2电波漫步-贯穿力提升,Buff-武器-精2电波漫步-贯穿力提升,3,720.0,1,True,True,"Weapon,电波漫步"
Buff-武器-精3电波漫步-贯穿力提升,Buff-武器-精3电波漫步-贯穿力提升,3,720.0,1,True,True,"Weapon,电波漫步"
Buff-武器-精4电波漫步-贯穿力提升,Buff-武器-精4电波漫步-贯穿力提升,3,720.0,1,True,True,"Weapon,电波漫步"
Buff-武器-精5电波漫步-贯穿力提升,Buff-武器-精5电波漫步-贯穿力提升,3,720.0,1,True,True,"Weapon,电波漫步"
Buff-武器-精1「灰烬」-钴蓝-攻击力提升,Buff-武器-精1「灰烬」-钴蓝-攻击力提升,1,600.0,1,False,True,"Weapon,「灰烬」-钴蓝"
Buff-武器-精2「灰烬」-钴蓝-攻击力提升,Buff-武器-精2「灰烬」-钴蓝-攻击力提升,1,600.0,1,False,True,"Weapon,「灰烬」-钴蓝"
Buff-武器-精3「灰烬」-钴蓝-攻击力提升,Buff-武器-精3「灰烬」-钴蓝-攻击力提升,1,600.0,1,False,True,"Weapon,「灰烬」-钴蓝"
Buff-武器-精4「灰烬」-钴蓝-攻击力提升,Buff-武器-精4「灰烬」-钴蓝-攻击力提升,1,600.0,1,False,True,"Weapon,「灰烬」-钴蓝"
Buff-武器-精5「灰烬」-钴蓝-攻击力提升,Buff-武器-精5「灰烬」-钴蓝-攻击力提升,1,600.0,1,False,True,"Weapon,「灰烬」-钴蓝"
Buff-角色-柚叶-甜蜜惊吓,Buff-角色-柚叶-甜蜜惊吓,1,2400.0,1,False,True,"Debuff,柚叶"
Buff-角色-柚叶-硬糖射击触发器,Buff-角色-柚叶-硬糖射击触发器,1,0.0,1,False,True,柚叶
Buff-角色-柚叶-彩糖花火积蓄值增加,Buff-角色-柚叶-彩糖花火积蓄值增加,31,2.0,1,False,True,柚叶
Buff-角色-柚叶-彩糖花火·极积蓄值增加,Buff-角色-柚叶-彩糖花火·极积蓄值增加,31,2.0,1,False,True,柚叶
1411_E_EX_A|1411_E_EX_B|1411_Q,Buff-角色-柚叶-核心被动-狸之愿-攻击力,1200,2400.0,1,False,True,柚叶
1411_E_EX_A|1411_E_EX_B|1411_Q,Buff-角色-柚叶-核心被动-狸之愿-增伤,1,2400.0,1,False,True,柚叶
1411_E_EX_A|1411_E_EX_B|1411_Q,Buff-角色-柚叶-组队被动-积蓄值增幅,130,2400.0,1,False,True,"AdditionalAbility,柚叶"
1411_E_EX_A|1411_E_EX_B|1411_Q,Buff-角色-柚叶-组队被动-属性异常与紊乱伤害增幅,130,2400.0,1,False,True,"AdditionalAbility,柚叶"
Buff-角色-柚叶-1画-全属性伤害抗性降低,Buff-角色-柚叶-1画-全属性伤害抗性降低,1,2400.0,1,False,True,"Debuff,Cinema,柚叶"
1411_E_EX_A|1411_E_EX_B|1411_Q,Buff-角色-柚叶-2画-全队增伤与积蓄效率增幅,1,2400.0,1,False,True,"Cinema,柚叶"
Buff-角色-柚叶-2画-连携技触发器,Buff-角色-柚叶-2画-连携技触发器,1,0.0,1,False,True,"Cinema,柚叶"
Buff-角色-柚叶-4画-支援突击增幅,Buff-角色-柚叶-4画-支援突击增幅,1,0.0,1,False,True,"Cinema,柚叶"
Buff-角色-柚叶-4画-快支触发器,Buff-角色-柚叶-4画-快支触发器,1,0.0,1,False,True,"Cinema,柚叶"
Buff-角色-柚叶-6画-炮弹触发器,Buff-角色-柚叶-6画-炮弹触发器,1,0.0,1,False,True,"Cinema,柚叶"
Buff-角色-柚叶-6画-彩糖花火极触发器,Buff-角色-柚叶-6画-彩糖花火极触发器,1,0.0,1,False,True,"Cinema,柚叶"
1411_Cinema_6,Buff-角色-柚叶-6画-紊乱伤害倍率提升,3,2400.0,1,True,True,"Cinema,柚叶"
Buff-武器-精1狸法七变化-异常掌控,Buff-武器-精1狸法七变化-异常掌控,1,2400.0,1,False,True,"Weapon,狸法七变化"
Buff-武器-精2狸法七变化-异常掌控,Buff-武器-精2狸法七变化-异常掌控,1,2400.0,1,False,True,"Weapon,狸法七变化"
Buff-武器-精3狸法七变化-异常掌控,Buff-武器-精3狸法七变化-异常掌控,1,2400.0,1,False,True,"Weapon,狸法七变化"
Buff-武器-精4狸法七变化-异常掌控,Buff-武器-精4狸法七变化-异常掌控,1,2400.0,1,False,True,"Weapon,狸法七变化"
Buff-武器-精5狸法七变化-异常掌控,Buff-武器-精5狸法七变化-异常掌控,1,2400.0,1,False,True,"Weapon,狸法七变化"
Buff-武器-精1狸法七变化-全队异常精通,Buff-武器-精1狸法七变化-全队异常精通,1,2400.0,1,False,True,"Weapon,狸法七变化"
Buff-武器-精2狸法七变化-全队异常精通,Buff-武器-精2狸法七变化-全队异常精通,1,2400.0,1,False,True,"Weapon,狸法七变化"
Buff-武器-精3狸法七变化-全队异常精通,Buff-武器-精3狸法七变化-全队异常精通,1,2400.0,1,False,True,"Weapon,狸法七变化"
Buff-武器-精4狸法七变化-全队异常精通,Buff-武器-精4狸法七变化-全队异常精通,1,2400.0,1,False,True,"Weapon,狸法七变化"
Buff-武器-精5狸法七变化-全队异常精通,Buff-武器-精5狸法七变化-全队异常精通,1,2400.0,1,False,True,"Weapon,狸法七变化"
Buff-角色-薇薇安-6画-触发器,Buff-角色-薇薇安-6画-触发器,1,0.0,1,False,True,"Cinema,薇薇安"
Buff-角色-爱丽丝-核心被动-紊乱基础倍率增加,Buff-角色-爱丽丝-核心被动-紊乱基础倍率增加,1,1.0,1,False,True,"Debuff,爱丽丝"
Buff-角色-爱丽丝-核心被动-物理异常积蓄效率提升,Buff-角色-爱丽丝-核心被动-物理异常积蓄效率提升,1,1800.0,1,False,True,爱丽丝
Buff-角色-爱丽丝-额外能力-异常掌控转精通,Buff-角色-爱丽丝-额外能力-异常掌控转精通,999,999999.0,1,False,True,"AdditionalAbility,爱丽丝"
Buff-角色-爱丽丝-影画-1画-减防,Buff-角色-爱丽丝-影画-1画-减防,1,1800.0,1,False,True,"Debuff,Cinema,爱丽丝"
Buff-角色-爱丽丝-影画-2画-全队强击伤害提升,Buff-角色-爱丽丝-影画-2画-全队强击伤害提升,1,0.0,1,False,True,"Cinema,爱丽丝"
Buff-角色-爱丽丝-影画-2画-紊乱伤害提升,Buff-角色-爱丽丝-影画-2画-紊乱伤害提升,1,1.0,1,False,True,"Debuff,Cinema,爱丽丝"
Buff-角色-爱丽丝-影画-4画-无视物理伤害抗性,Buff-角色-爱丽丝-影画-4画-无视物理伤害抗性,1,0.0,1,False,True,"Cinema,爱丽丝"
1401_NA_5_PLUS,Buff-角色-爱丽丝-影画-4画-普攻积蓄效率增幅,1,0.0,1,False,True,"Cinema,爱丽丝"
Buff-角色-爱丽丝-影画-6画-额外攻击触发器,Buff-角色-爱丽丝-影画-6画-额外攻击触发器,1,0.0,1,False,True,"Cinema,爱丽丝"
Buff-角色-爱丽丝-影画-6画-额外攻击必暴,Buff-角色-爱丽丝-影画-6画-额外攻击必暴,1,0.0,1,False,True,"Cinema,爱丽丝"
Buff-武器-精1十方锻星-异常掌控提升,Buff-武器-精1十方锻星-异常掌控提升,1,0.0,1,False,True,"Weapon,十方锻星"
Buff-武器-精2十方锻星-异常掌控提升,Buff-武器-精2十方锻星-异常掌控提升,1,0.0,1,False,True,"Weapon,十方锻星"
Buff-武器-精3十方锻星-异常掌控提升,Buff-武器-精3十方锻星-异常掌控提升,1,0.0,1,False,True,"Weapon,十方锻星"
Buff-武器-精4十方锻星-异常掌控提升,Buff-武器-精4十方锻星-异常掌控提升,1,0.0,1,False,True,"Weapon,十方锻星"
Buff-武器-精5十方锻星-异常掌控提升,Buff-武器-精5十方锻星-异常掌控提升,1,0.0,1,False,True,"Weapon,十方锻星"
Buff-武器-精1十方锻星-物理伤害增加,Buff-武器-精1十方锻星-物理伤害增加,2,1200.0,1,False,True,"Weapon,十方锻星"
Buff-武器-精2十方锻星-物理伤害增加,Buff-武器-精2十方锻星-物理伤害增加,2,1200.0,1,False,True,"Weapon,十方锻星"
Buff-武器-精3十方锻星-物理伤害增加,Buff-武器-精3十方锻星-物理伤害增加,2,1200.0,1,False,True,"Weapon,十方锻星"
Buff-武器-精4十方锻星-物理伤害增加,Buff-武器-精4十方锻星-物理伤害增加,2,1200.0,1,False,True,"Weapon,十方锻星"
Buff-武器-精5十方锻星-物理伤害增加,Buff-武器-精5十方锻星-物理伤害增加,2,1200.0,1,False,True,"Weapon,十方锻星"
Buff-角色-爱丽丝-极性强击触发器,Buff-角色-爱丽丝-极性强击触发器,1,0.0,1,False,True,"Debuff,爱丽丝"
Buff-角色-席德-强袭,Buff-角色-席德-强袭,1,2400.0,1,False,True,席德
Buff-角色-席德-明攻,Buff-角色-席德-明攻,1,2400.0,1,False,True,席德
Buff-角色-席德-围杀,Buff-角色-席德-围杀,1,999999.0,1,False,True,席德
Buff-角色-席德-额外能力-重击大招增伤无视电抗,Buff-角色-席德-额外能力-重击大招增伤无视电抗,1,0.0,1,False,True,"AdditionalAbility,席德"
Buff-角色-席德-影画-1画-崩坠暴伤增加,Buff-角色-席德-影画-1画-崩坠暴伤增加,1,0.0,1,False,True,"Cinema,席德"
Buff-角色-席德-影画-2画-围杀无视防御力,Buff-角色-席德-影画-2画-围杀无视防御力,1,999999.0,1,False,True,"Cinema,席德"
Buff-角色-席德-影画-2画-耗能转化增伤,Buff-角色-席德-影画-2画-耗能转化增伤,24,86.0,1,False,True,"Cinema,席德"
Buff-角色-席德-影画-4画-喧响效率与大招增伤,Buff-角色-席德-影画-4画-喧响效率与大招增伤,1,999999.0,1,False,True,"Cinema,席德"
Buff-角色-席德-影画-6画-常驻暴伤,Buff-角色-席德-影画-6画-常驻暴伤,1,0.0,1,False,True,"Cinema,席德"
Buff-角色-席德-影画-6画-触发器,Buff-角色-席德-影画-6画-触发器,1,0.0,1,False,True,"Cinema,席德"
Buff-武器-精1机巧心种-常驻暴击,Buff-武器-精1机巧心种-常驻暴击,1,0.0,1,False,True,"Weapon,机巧心种"
Buff-武器-精2机巧心种-常驻暴击,Buff-武器-精2机巧心种-常驻暴击,1,0.0,1,False,True,"Weapon,机巧心种"
Buff-武器-精3机巧心种-常驻暴击,Buff-武器-精3机巧心种-常驻暴击,1,0.0,1,False,True,"Weapon,机巧心种"
Buff-武器-精4机巧心种-常驻暴击,Buff-武器-精4机巧心种-常驻暴击,1,0.0,1,False,True,"Weapon,机巧心种"
Buff-武器-精5机巧心种-常驻暴击,Buff-武器-精5机巧心种-常驻暴击,1,0.0,1,False,True,"Weapon,机巧心种"
Buff-武器-精1机巧心种-电属性增伤,Buff-武器-精1机巧心种-电属性增伤,2,2400.0,1,True,True,"Weapon,机巧心种"
Buff-武器-精2机巧心种-电属性增伤,Buff-武器-精2机巧心种-电属性增伤,2,2400.0,1,True,True,"Weapon,机巧心种"
Buff-武器-精3机巧心种-电属性增伤,Buff-武器-精3机巧心种-电属性增伤,2,2400.0,1,True,True,"Weapon,机巧心种"
Buff-武器-精4机巧心种-电属性增伤,Buff-武器-精4机巧心种-电属性增伤,2,2400.0,1,True,True,"Weapon,机巧心种"
Buff-武器-精5机巧心种-电属性增伤,Buff-武器-精5机巧心种-电属性增伤,2,2400.0,1,True,True,"Weapon,机巧心种"
Buff-武器-精1机巧心种-普攻大招无视防御,Buff-武器-精1机巧心种-普攻大招无视防御,1,999999.0,1,False,True,"Weapon,机巧心种"
Buff-武器-精2机巧心种-普攻大招无视防御,Buff-武器-精2机巧心种-普攻大招无视防御,1,999999.0,1,False,True,"Weapon,机巧心种"
Buff-武器-精3机巧心种-普攻大招无视防御,Buff-武器-精3机巧心种-普攻大招无视防御,1,999999.0,1,False,True,"Weapon,机巧心种"
Buff-武器-精4机巧心种-普攻大招无视防御,Buff-武器-精4机巧心种-普攻大招无视防御,1,999999.0,1,False,True,"Weapon,机巧心种"
Buff-武器-精5机巧心种-普攻大招无视防御,Buff-武器-精5机巧心种-普攻大招无视防御,1,999999.0,1,False,True,"Weapon,机巧心种"
Buff-驱动盘-拂晓生花-二件套-普攻增伤,Buff-驱动盘-拂晓生花-二件套-普攻增伤,1,0.0,1,False,True,拂晓生花
Buff-驱动盘-拂晓生花-四件套-常驻普攻增伤,Buff-驱动盘-拂晓生花-四件套-常驻普攻增伤,1,0.0,1,False,True,拂晓生花
Buff-驱动盘-拂晓生花-四件套-触发普攻增伤,Buff-驱动盘-拂晓生花-四件套-触发普攻增伤,1,1500.0,1,False,True,拂晓生花
Buff-驱动盘-月光骑士颂-全队增伤,Buff-驱动盘-月光骑士颂-全队增伤,1,1500.0,1,False,True,月光骑士颂
Buff-角色-席德-明攻触发器,Buff-角色-席德-明攻触发器,1,0.0,1,False,True,席德
Buff-角色-席德-影画-2画-无视防御触发器,Buff-角色-席德-影画-2画-无视防御触发器,1,0.0,1,False,True,"Cinema,席德"
Buff-角色-席德-围杀触发器,Buff-角色-席德-围杀触发器,1,0.0,1,False,True,席德
Buff-角色-席德-影画-4画-触发器,Buff-角色-席德-影画-4画-触发器,1,0.0,1,False,True,"Cinema,席德"
